Card,Transaction Date,Posting Date,Merchant,Amount,Debit or Credit,MCC,Merchant City,Country,State/Province,Conversion Rate
4101,2026-09-09,2026-09-10,ENTERPRISE,140.02,Debit,4121,Montreal,CAN,QC,
5202,2025-12-08,2025-12-09,ENTERPRISE,196.06,Debit,4121,Toronto,CAN,ON,
3003,2025-12-19,2025-12-20,AVIS,118.96,Debit,4121,Vancouver,CAN,BC,
3003,2026-05-30,2026-05-31,OKC SIZE & WEIGHTS PER,1456.43,Debit,9399,Vancouver,CAN,BC,
3005,2026-07-08,2026-07-09,VERIZON,52.94,Debit,4814,Atlanta,USA,GA,1.35
3004,2025-11-02,2025-11-03,AWS,1399.93,Debit,7372,Montreal,CAN,QC,
3001,2026-08-29,2026-08-30,GOOGLE CLOUD,1927.91,Debit,7372,Toronto,CAN,ON,
3002,2026-03-29,2026-03-30,CHIPOTLE,130.12,Debit,5812,Chicago,USA,IL,1.35
3004,2026-05-08,2026-05-09,ULINE,318.68,Debit,5111,Oklahoma City,USA,OK,1.35
4101,2026-09-15,2026-09-16,UNITED,352.02,Debit,4511,Los Angeles,USA,CA,1.35
3004,2026-08-25,2026-08-26,OFFICE DEPOT,375.87,Debit,5111,Vancouver,CAN,BC,
3004,2025-09-24,2025-09-25,AMERICAN AIRLINES,820.08,Debit,4511,Phoenix,USA,AZ,1.35
3003,2025-11-17,2025-11-18,AIR CANADA,309.85,Debit,4511,Toronto,CAN,ON,
3001,2026-08-16,2026-08-17,PETRO-CANADA,608.17,Debit,5541,Dallas,USA,TX,1.35
5202,2026-02-07,2026-02-08,MCDONALD'S,85.94,Debit,5812,Calgary,CAN,AB,
4103,2026-02-08,2026-02-09,ON MTO PERMIT,1284.5,Debit,9399,Phoenix,USA,AZ,1.35
3003,2026-09-17,2026-09-18,COMFORT INN,327.25,Debit,7011,Montreal,CAN,QC,
4102,2026-09-23,2026-09-24,ENTERPRISE,256.47,Debit,4121,Dallas,USA,TX,1.35
5201,2026-03-15,2026-03-16,DELTA AIR LINES,555.04,Debit,4511,Vancouver,CAN,BC,
4102,2026-09-08,2026-09-09,DELTA AIR LINES,742.63,Debit,4511,Dallas,USA,TX,1.35
3001,2026-07-24,2026-07-25,E-ZPASS,49.38,Debit,4784,Oklahoma City,USA,OK,1.35
5203,2026-09-16,2026-09-17,OVERSIZE LOAD PERMIT,601.41,Debit,9399,Los Angeles,USA,CA,1.35
3003,2026-06-23,2026-06-24,GITHUB,832.47,Debit,7372,Montreal,CAN,QC,
3001,2026-03-31,2026-04-01,ON MTO PERMIT,1126.4,Debit,9399,Toronto,CAN,ON,
3002,2025-10-21,2025-10-22,LYFT,144.47,Debit,4121,Montreal,CAN,QC,
4103,2025-11-19,2025-11-20,FLYING J,449.38,Debit,5541,Los Angeles,USA,CA,1.35
3003,2026-07-21,2026-07-22,NTTA TOLLS,52.84,Debit,4784,Los Angeles,USA,CA,1.35
3006,2026-06-18,2026-06-19,ZOOM,1396.14,Debit,7372,Atlanta,USA,GA,1.35
3002,2026-05-13,2026-05-14,OLIVE GARDEN,74.57,Debit,5812,Vancouver,CAN,BC,
3003,2025-12-31,2026-01-01,GITHUB,67.33,Debit,7372,Los Angeles,USA,CA,1.35
4101,2026-04-30,2026-05-01,HERTZ,232.36,Debit,4121,Phoenix,USA,AZ,1.35
3002,2026-06-12,2026-06-13,VERIZON,296.33,Debit,4814,Los Angeles,USA,CA,1.35
3003,2026-01-27,2026-01-28,ESSO,240.47,Debit,5541,Toronto,CAN,ON,
3006,2026-01-04,2026-01-05,SHELL,189.37,Debit,5541,Chicago,USA,IL,1.35
3004,2025-11-02,2025-11-03,PILOT,592.09,Debit,5541,Calgary,CAN,AB,
3002,2026-06-06,2026-06-07,MCDONALD'S,127.2,Debit,5812,Dallas,USA,TX,1.35
3005,2026-04-26,2026-04-27,TX DMV PERMITS,936.03,Debit,9399,Vancouver,CAN,BC,
3001,2025-12-02,2025-12-03,TX DMV PERMITS,879.79,Debit,9399,Dallas,USA,TX,1.35
4103,2025-10-01,2025-10-02,AT&T,145.16,Debit,4814,Chicago,USA,IL,1.35
4101,2026-01-14,2026-01-15,FLYING J,80.59,Debit,5541,Dallas,USA,TX,1.35
3005,2026-06-03,2026-06-04,ON MTO PERMIT,376.7,Debit,9399,Oklahoma City,USA,OK,1.35
3006,2026-08-10,2026-08-11,AIR CANADA,623.51,Debit,4511,Chicago,USA,IL,1.35
3003,2026-02-25,2026-02-26,AMAZON BUSINESS,701.54,Debit,5111,Oklahoma City,USA,OK,1.35
3002,2025-09-08,2025-09-09,CHIPOTLE,103.06,Debit,5812,Montreal,CAN,QC,
4102,2026-05-12,2026-05-13,CHEVRON,444.11,Debit,5541,Toronto,CAN,ON,
4103,2026-03-02,2026-03-03,OKC SIZE & WEIGHTS PER,323.02,Debit,9399,Toronto,CAN,ON,
3005,2026-09-29,2026-09-30,OKC SIZE & WEIGHTS PER,607.04,Debit,9399,Oklahoma City,USA,OK,1.35
3001,2026-09-10,2026-09-11,STARBUCKS,55.51,Debit,5812,Chicago,USA,IL,1.35
3003,2026-08-31,2026-09-01,CIRCLE K,609.19,Debit,5541,Vancouver,CAN,BC,
4102,2026-03-12,2026-03-13,PETRO-CANADA,514.22,Debit,5541,Dallas,USA,TX,1.35
5202,2026-03-31,2026-04-01,BEST WESTERN,373.29,Debit,7011,Phoenix,USA,AZ,1.35
5201,2026-08-07,2026-08-08,VERIZON,479.87,Debit,4814,Los Angeles,USA,CA,1.35
3006,2026-08-10,2026-08-11,OFFICE DEPOT,24.52,Debit,5111,Dallas,USA,TX,1.35
3002,2026-04-19,2026-04-20,DELTA AIR LINES,1228.14,Debit,4511,Phoenix,USA,AZ,1.35
4101,2026-06-18,2026-06-19,COMFORT INN,168.14,Debit,7011,Los Angeles,USA,CA,1.35
3003,2026-06-22,2026-06-23,GITHUB,1497.65,Debit,7372,Atlanta,USA,GA,1.35
4102,2026-08-04,2026-08-05,OFFICE DEPOT,508.33,Debit,5111,Oklahoma City,USA,OK,1.35
3004,2026-07-26,2026-07-27,TIM HORTONS,19.67,Debit,5812,Dallas,USA,TX,1.35
3006,2026-04-26,2026-04-27,MARRIOTT,137.92,Debit,7011,Atlanta,USA,GA,1.35
3001,2026-02-15,2026-02-16,E-ZPASS,73.97,Debit,4784,Dallas,USA,TX,1.35
4103,2025-10-09,2025-10-10,LYFT,195.75,Debit,4121,Toronto,CAN,ON,
3004,2026-04-10,2026-04-11,AB TRANSP,870.44,Debit,9399,Chicago,USA,IL,1.35
3001,2026-03-04,2026-03-05,CHEVRON,80.62,Debit,5541,Oklahoma City,USA,OK,1.35
3001,2026-02-04,2026-02-05,BELL,110.9,Debit,4814,Vancouver,CAN,BC,
3002,2026-03-13,2026-03-14,UNITED,196.45,Debit,4511,Vancouver,CAN,BC,
4103,2026-08-23,2026-08-24,OVERSIZE LOAD PERMIT,77.44,Debit,9399,Calgary,CAN,AB,
3003,2026-08-17,2026-08-18,ULINE,613.19,Debit,5111,Vancouver,CAN,BC,
3005,2026-08-05,2026-08-06,DATADOG,2120.97,Debit,7372,Toronto,CAN,ON,
3005,2026-06-14,2026-06-15,SALESFORCE,311.87,Debit,7372,Montreal,CAN,QC,
3001,2026-07-19,2026-07-20,STARBUCKS,27.53,Debit,5812,Calgary,CAN,AB,
3006,2026-03-31,2026-04-01,SHELL,402.45,Debit,5541,Vancouver,CAN,BC,
3006,2026-09-29,2026-09-30,HERTZ,127.8,Debit,4121,Atlanta,USA,GA,1.35
3001,2026-03-11,2026-03-12,LOVE'S,486.57,Debit,5541,Vancouver,CAN,BC,
4103,2025-11-27,2025-11-28,TIM HORTONS,58.46,Debit,5812,Toronto,CAN,ON,
4103,2026-09-25,2026-09-26,BEST WESTERN,123.22,Debit,7011,Los Angeles,USA,CA,1.35
5203,2025-09-27,2025-09-28,WESTJET,427.45,Debit,4511,Dallas,USA,TX,1.35
5201,2025-12-01,2025-12-02,NOTION,1341.25,Debit,7372,Toronto,CAN,ON,
3005,2026-03-14,2026-03-15,ON MTO PERMIT,740.95,Debit,9399,Calgary,CAN,AB,
3004,2025-10-05,2025-10-06,COMFORT INN,230.82,Debit,7011,Oklahoma City,USA,OK,1.35
3006,2026-04-14,2026-04-15,AMERICAN AIRLINES,615.81,Debit,4511,Calgary,CAN,AB,
4102,2026-08-05,2026-08-06,T-MOBILE,361.42,Debit,4814,Phoenix,USA,AZ,1.35
3003,2025-12-13,2025-12-14,MCDONALD'S,68.53,Debit,5812,Atlanta,USA,GA,1.35
3005,2026-04-25,2026-04-26,UNITED,552.86,Debit,4511,Montreal,CAN,QC,
3006,2025-10-17,2025-10-18,PANERA,19.42,Debit,5812,Montreal,CAN,QC,
3004,2026-08-28,2026-08-29,LOVE'S,267.03,Debit,5541,Atlanta,USA,GA,1.35
3005,2025-12-25,2025-12-26,AWS,762.91,Debit,7372,Los Angeles,USA,CA,1.35
5201,2026-08-27,2026-08-28,AMAZON BUSINESS,53.04,Debit,5111,Los Angeles,USA,CA,1.35
3006,2026-02-01,2026-02-02,CHIPOTLE,12.05,Debit,5812,Los Angeles,USA,CA,1.35
3003,2026-04-27,2026-04-28,TIM HORTONS,39.14,Debit,5812,Calgary,CAN,AB,
3002,2025-11-13,2025-11-14,AIR CANADA,221.75,Debit,4511,Vancouver,CAN,BC,
4103,2025-12-06,2025-12-07,GITHUB,475.37,Debit,7372,Phoenix,USA,AZ,1.35
3003,2026-08-21,2026-08-22,ROGERS,383.12,Debit,4814,Phoenix,USA,AZ,1.35
4103,2026-04-12,2026-04-13,STARBUCKS,38.24,Debit,5812,Atlanta,USA,GA,1.35
3003,2026-03-30,2026-03-31,OKC SIZE & WEIGHTS PER,58.26,Debit,9399,Vancouver,CAN,BC,
3001,2025-09-06,2025-09-07,PIKEPASS,49.6,Debit,4784,Oklahoma City,USA,OK,1.35
3003,2026-01-22,2026-01-23,LOVE'S,495.16,Debit,5541,Los Angeles,USA,CA,1.35
3002,2026-05-21,2026-05-22,ROGERS,132.47,Debit,4814,Oklahoma City,USA,OK,1.35
3003,2026-02-06,2026-02-07,PANERA,9.38,Debit,5812,Oklahoma City,USA,OK,1.35
3002,2026-07-12,2026-07-13,DELTA AIR LINES,238.92,Debit,4511,Chicago,USA,IL,1.35
4101,2026-05-20,2026-05-21,DELTA AIR LINES,566,Debit,4511,Los Angeles,USA,CA,1.35
4101,2025-11-06,2025-11-07,WESTJET,535.94,Debit,4511,Oklahoma City,USA,OK,1.35
4102,2026-03-22,2026-03-23,TIM HORTONS,103.01,Debit,5812,Vancouver,CAN,BC,
3004,2026-08-13,2026-08-14,SALESFORCE,2056.75,Debit,7372,Chicago,USA,IL,1.35
4103,2026-01-12,2026-01-13,GRAINGER,210.15,Debit,5111,Dallas,USA,TX,1.35
5201,2025-10-01,2025-10-02,OFFICE DEPOT,385.19,Debit,5111,Oklahoma City,USA,OK,1.35
5203,2026-07-11,2026-07-12,AB TRANSP,421.12,Debit,9399,Calgary,CAN,AB,
3002,2026-02-04,2026-02-05,AB TRANSP,934.96,Debit,9399,Toronto,CAN,ON,
3003,2026-07-01,2026-07-02,GITHUB,1461.26,Debit,7372,Dallas,USA,TX,1.35
3004,2026-04-05,2026-04-06,SUNOCO,305.33,Debit,5541,Dallas,USA,TX,1.35
5201,2026-02-17,2026-02-18,AMERICAN AIRLINES,1193.02,Debit,4511,Vancouver,CAN,BC,
3004,2026-06-28,2026-06-29,UNITED,429.91,Debit,4511,Chicago,USA,IL,1.35
3001,2026-07-25,2026-07-26,PANERA,125.85,Debit,5812,Atlanta,USA,GA,1.35
3006,2025-09-14,2025-09-15,CHEVRON,145.14,Debit,5541,Vancouver,CAN,BC,
3005,2025-11-26,2025-11-27,SUBWAY,130.94,Debit,5812,Toronto,CAN,ON,
5201,2026-01-16,2026-01-17,BEST WESTERN,235.58,Debit,7011,Oklahoma City,USA,OK,1.35
3003,2026-01-01,2026-01-02,AWS,1539.55,Debit,7372,Vancouver,CAN,BC,
5202,2026-07-14,2026-07-15,CIRCLE K,370.24,Debit,5541,Oklahoma City,USA,OK,1.35
3004,2025-12-18,2025-12-19,MARATHON,333.57,Debit,5541,Oklahoma City,USA,OK,1.35
4103,2025-09-02,2025-09-03,PIKEPASS,39.81,Debit,4784,Atlanta,USA,GA,1.35
4102,2026-08-05,2026-08-06,GOOGLE CLOUD,2114.94,Debit,7372,Chicago,USA,IL,1.35
3003,2026-04-05,2026-04-06,MCDONALD'S,134.53,Debit,5812,Phoenix,USA,AZ,1.35
3002,2026-08-16,2026-08-17,LYFT,303.34,Debit,4121,Montreal,CAN,QC,
3003,2025-10-26,2025-10-27,ATLASSIAN,777.32,Debit,7372,Calgary,CAN,AB,
3004,2026-07-11,2026-07-12,AT&T,233.72,Debit,4814,Montreal,CAN,QC,
3001,2025-10-02,2025-10-03,OFFICE DEPOT,755.03,Debit,5111,Dallas,USA,TX,1.35
3004,2026-02-28,2026-03-01,MCDONALD'S,100.83,Debit,5812,Los Angeles,USA,CA,1.35
3002,2026-04-08,2026-04-09,TX DMV PERMITS,1142.44,Debit,9399,Dallas,USA,TX,1.35
4103,2026-03-23,2026-03-24,SUNOCO,513.08,Debit,5541,Toronto,CAN,ON,
4103,2026-07-10,2026-07-11,AMERICAN AIRLINES,378.34,Debit,4511,Dallas,USA,TX,1.35
3004,2026-09-03,2026-09-04,LOVE'S,494.97,Debit,5541,Chicago,USA,IL,1.35
4101,2026-08-05,2026-08-06,PANERA,39.46,Debit,5812,Toronto,CAN,ON,
3005,2026-08-16,2026-08-17,CHIPOTLE,48.55,Debit,5812,Los Angeles,USA,CA,1.35
3002,2026-07-06,2026-07-07,ZOOM,27.28,Debit,7372,Atlanta,USA,GA,1.35
4102,2026-01-25,2026-01-26,MARRIOTT,207.04,Debit,7011,Vancouver,CAN,BC,
3005,2026-06-24,2026-06-25,HILTON,113.2,Debit,7011,Los Angeles,USA,CA,1.35
3006,2025-12-20,2025-12-21,ZOOM,1959.22,Debit,7372,Phoenix,USA,AZ,1.35
3002,2026-06-18,2026-06-19,HOLIDAY INN,192.9,Debit,7011,Chicago,USA,IL,1.35
3004,2025-10-12,2025-10-13,DATADOG,2101.22,Debit,7372,Phoenix,USA,AZ,1.35
3002,2026-02-15,2026-02-16,OLIVE GARDEN,71.2,Debit,5812,Oklahoma City,USA,OK,1.35
3001,2026-06-06,2026-06-07,NOTION,1605.79,Debit,7372,Atlanta,USA,GA,1.35
3005,2025-10-19,2025-10-20,STAPLES,231.12,Debit,5111,Dallas,USA,TX,1.35
3006,2026-05-11,2026-05-12,AWS,155.55,Debit,7372,Los Angeles,USA,CA,1.35
3001,2026-07-27,2026-07-28,GRAINGER,85.52,Debit,5111,Chicago,USA,IL,1.35
3004,2026-03-23,2026-03-24,DATADOG,189.74,Debit,7372,Montreal,CAN,QC,
3002,2025-09-08,2025-09-09,SHELL,347.29,Debit,5541,Montreal,CAN,QC,
4103,2026-08-01,2026-08-02,OKC SIZE & WEIGHTS PER,958.5,Debit,9399,Atlanta,USA,GA,1.35
3002,2025-10-20,2025-10-21,AB TRANSP,656.36,Debit,9399,Oklahoma City,USA,OK,1.35
5201,2026-09-03,2026-09-04,AMAZON BUSINESS,777.52,Debit,5111,Montreal,CAN,QC,
3001,2026-02-05,2026-02-06,PILOT,441.83,Debit,5541,Dallas,USA,TX,1.35
5203,2025-11-29,2025-11-30,OKC SIZE & WEIGHTS PER,78.1,Debit,9399,Toronto,CAN,ON,
3005,2026-07-07,2026-07-08,STARBUCKS,126.68,Debit,5812,Oklahoma City,USA,OK,1.35
4103,2026-05-08,2026-05-09,MARRIOTT,227.35,Debit,7011,Chicago,USA,IL,1.35
4103,2025-11-09,2025-11-10,AWS,1986.82,Debit,7372,Los Angeles,USA,CA,1.35
4101,2026-08-14,2026-08-15,OKC SIZE & WEIGHTS PER,1558.46,Debit,9399,Chicago,USA,IL,1.35
4102,2026-01-14,2026-01-15,SALESFORCE,674.22,Debit,7372,Dallas,USA,TX,1.35
3002,2025-11-30,2025-12-01,MARATHON,257.4,Debit,5541,Toronto,CAN,ON,
3001,2026-09-26,2026-09-27,DELTA AIR LINES,264.87,Debit,4511,Phoenix,USA,AZ,1.35
3006,2025-10-07,2025-10-08,WESTJET,1299.78,Debit,4511,Atlanta,USA,GA,1.35
3005,2026-07-14,2026-07-15,HERTZ,99.21,Debit,4121,Montreal,CAN,QC,
4101,2026-09-26,2026-09-27,SHELL,448.22,Debit,5541,Oklahoma City,USA,OK,1.35
4101,2026-03-03,2026-03-04,CIRCLE K,102.57,Debit,5541,Dallas,USA,TX,1.35
4101,2026-03-19,2026-03-20,BEST WESTERN,270.2,Debit,7011,Montreal,CAN,QC,
3004,2026-07-21,2026-07-22,GOOGLE CLOUD,1130.53,Debit,7372,Dallas,USA,TX,1.35
3005,2026-03-08,2026-03-09,NTTA TOLLS,20.64,Debit,4784,Atlanta,USA,GA,1.35
3002,2026-02-20,2026-02-21,NOTION,599.36,Debit,7372,Atlanta,USA,GA,1.35
4103,2025-09-12,2025-09-13,CHIPOTLE,73.6,Debit,5812,Atlanta,USA,GA,1.35
3004,2026-07-06,2026-07-07,ATLASSIAN,1375.57,Debit,7372,Calgary,CAN,AB,
5201,2025-11-01,2025-11-02,ULINE,145.73,Debit,5111,Atlanta,USA,GA,1.35
3001,2025-10-09,2025-10-10,ZOOM,743.07,Debit,7372,Dallas,USA,TX,1.35
3005,2026-01-12,2026-01-13,AT&T,179.47,Debit,4814,Oklahoma City,USA,OK,1.35
4102,2026-01-28,2026-01-29,LOVE'S,358.05,Debit,5541,Los Angeles,USA,CA,1.35
3005,2026-07-12,2026-07-13,SLACK,2162.92,Debit,7372,Dallas,USA,TX,1.35
4101,2025-12-18,2025-12-19,FAIRMONT,302.82,Debit,7011,Montreal,CAN,QC,
3003,2026-02-24,2026-02-25,COMFORT INN,237.56,Debit,7011,Calgary,CAN,AB,
3001,2025-12-25,2025-12-26,MARATHON,609.62,Debit,5541,Oklahoma City,USA,OK,1.35
4103,2025-10-15,2025-10-16,GRAINGER,441.91,Debit,5111,Toronto,CAN,ON,
4103,2026-08-21,2026-08-22,SUBWAY,81.29,Debit,5812,Calgary,CAN,AB,
3005,2026-09-27,2026-09-28,CHEVRON,272.83,Debit,5541,Oklahoma City,USA,OK,1.35
3002,2026-09-07,2026-09-08,LYFT,120.24,Debit,4121,Calgary,CAN,AB,
3002,2026-05-31,2026-06-01,OKC SIZE & WEIGHTS PER,1619.27,Debit,9399,Chicago,USA,IL,1.35
3006,2025-11-13,2025-11-14,SLACK,1744.17,Debit,7372,Atlanta,USA,GA,1.35
3003,2026-03-30,2026-03-31,OVERSIZE LOAD PERMIT,691.8,Debit,9399,Los Angeles,USA,CA,1.35
3006,2026-06-13,2026-06-14,ULINE,500.37,Debit,5111,Chicago,USA,IL,1.35
3005,2025-09-18,2025-09-19,AVIS,61.66,Debit,4121,Calgary,CAN,AB,
4103,2026-07-23,2026-07-24,HERTZ,274.31,Debit,4121,Atlanta,USA,GA,1.35
3006,2025-12-22,2025-12-23,VERIZON,234.25,Debit,4814,Vancouver,CAN,BC,
5203,2025-12-01,2025-12-02,AMERICAN AIRLINES,276.23,Debit,4511,Dallas,USA,TX,1.35
3005,2026-09-05,2026-09-06,TX DMV PERMITS,1463.89,Debit,9399,Toronto,CAN,ON,
3002,2026-01-15,2026-01-16,MARRIOTT,313.09,Debit,7011,Oklahoma City,USA,OK,1.35
3006,2025-10-05,2025-10-06,OVERSIZE LOAD PERMIT,353.31,Debit,9399,Vancouver,CAN,BC,
3004,2025-11-27,2025-11-28,CHEVRON,421.4,Debit,5541,Dallas,USA,TX,1.35
5201,2025-11-20,2025-11-21,TIM HORTONS,47.08,Debit,5812,Los Angeles,USA,CA,1.35
5201,2025-09-26,2025-09-27,LYFT,87.92,Debit,4121,Chicago,USA,IL,1.35
3003,2025-12-23,2025-12-24,OFFICE DEPOT,37.27,Debit,5111,Los Angeles,USA,CA,1.35
3002,2025-09-14,2025-09-15,HOLIDAY INN,277.58,Debit,7011,Chicago,USA,IL,1.35
3004,2026-01-14,2026-01-15,UBER,187.01,Debit,4121,Chicago,USA,IL,1.35
3004,2025-12-19,2025-12-20,FAIRMONT,288.7,Debit,7011,Montreal,CAN,QC,
5201,2026-04-18,2026-04-19,OKC SIZE & WEIGHTS PER,426.45,Debit,9399,Montreal,CAN,QC,
5203,2025-11-14,2025-11-15,FIGMA,1833.27,Debit,7372,Vancouver,CAN,BC,
3006,2026-07-20,2026-07-21,SLACK,929.29,Debit,7372,Dallas,USA,TX,1.35
3001,2025-12-17,2025-12-18,TIM HORTONS,77.72,Debit,5812,Los Angeles,USA,CA,1.35
3002,2026-05-17,2026-05-18,UBER,135.15,Debit,4121,Chicago,USA,IL,1.35
3001,2026-08-24,2026-08-25,PILOT,389.84,Debit,5541,Atlanta,USA,GA,1.35
5201,2026-06-05,2026-06-06,DATADOG,796.01,Debit,7372,Montreal,CAN,QC,
5202,2026-09-14,2026-09-15,E-ZPASS,18.22,Debit,4784,Dallas,USA,TX,1.35
3001,2026-06-16,2026-06-17,SUBWAY,63.24,Debit,5812,Los Angeles,USA,CA,1.35
3001,2025-09-13,2025-09-14,OFFICE DEPOT,775.72,Debit,5111,Phoenix,USA,AZ,1.35
3003,2025-11-20,2025-11-21,AMERICAN AIRLINES,375.77,Debit,4511,Dallas,USA,TX,1.35
3002,2026-05-08,2026-05-09,OKC SIZE & WEIGHTS PER,1336.79,Debit,9399,Calgary,CAN,AB,
3001,2025-09-17,2025-09-18,E-ZPASS,30.56,Debit,4784,Chicago,USA,IL,1.35
3006,2026-08-08,2026-08-09,OLIVE GARDEN,49.57,Debit,5812,Atlanta,USA,GA,1.35
3004,2026-09-11,2026-09-12,HILTON,311.87,Debit,7011,Toronto,CAN,ON,
4102,2026-03-30,2026-03-31,SHELL,463.04,Debit,5541,Toronto,CAN,ON,
3003,2026-06-17,2026-06-18,LYFT,205.51,Debit,4121,Toronto,CAN,ON,
4103,2026-07-31,2026-08-01,AWS,77.33,Debit,7372,Calgary,CAN,AB,
4102,2025-09-28,2025-09-29,LYFT,237.6,Debit,4121,Dallas,USA,TX,1.35
3004,2025-12-29,2025-12-30,LYFT,270.24,Debit,4121,Phoenix,USA,AZ,1.35
3003,2025-09-05,2025-09-06,WESTJET,789.28,Debit,4511,Phoenix,USA,AZ,1.35
3003,2026-02-14,2026-02-15,CHIPOTLE,85.86,Debit,5812,Calgary,CAN,AB,
4102,2026-02-19,2026-02-20,HOLIDAY INN,339.79,Debit,7011,Vancouver,CAN,BC,
5203,2026-01-05,2026-01-06,PETRO-CANADA,255.72,Debit,5541,Chicago,USA,IL,1.35
3005,2025-12-08,2025-12-09,OKC SIZE & WEIGHTS PER,536.84,Debit,9399,Oklahoma City,USA,OK,1.35
5202,2026-08-13,2026-08-14,AVIS,43.96,Debit,4121,Toronto,CAN,ON,
3002,2026-03-14,2026-03-15,HERTZ,192.6,Debit,4121,Montreal,CAN,QC,
3006,2026-03-13,2026-03-14,SUBWAY,104.68,Debit,5812,Atlanta,USA,GA,1.35
3003,2026-05-08,2026-05-09,SALESFORCE,1629.63,Debit,7372,Vancouver,CAN,BC,
4103,2026-07-29,2026-07-30,ON MTO PERMIT,1556.19,Debit,9399,Los Angeles,USA,CA,1.35
3002,2025-11-12,2025-11-13,OVERSIZE LOAD PERMIT,958.6,Debit,9399,Toronto,CAN,ON,
3001,2026-09-02,2026-09-03,CIRCLE K,120.94,Debit,5541,Chicago,USA,IL,1.35
3005,2025-10-21,2025-10-22,TX DMV PERMITS,1403.36,Debit,9399,Montreal,CAN,QC,
3006,2026-03-02,2026-03-03,407 ETR,14.56,Debit,4784,Toronto,CAN,ON,
3001,2025-09-26,2025-09-27,AMERICAN AIRLINES,704.94,Debit,4511,Calgary,CAN,AB,
3005,2025-09-12,2025-09-13,AMERICAN AIRLINES,262.77,Debit,4511,Dallas,USA,TX,1.35
3001,2026-08-12,2026-08-13,SLACK,400.67,Debit,7372,Phoenix,USA,AZ,1.35
3003,2025-09-13,2025-09-14,OKC SIZE & WEIGHTS PER,1254.48,Debit,9399,Toronto,CAN,ON,
3001,2026-07-01,2026-07-02,CHIPOTLE,75.5,Debit,5812,Calgary,CAN,AB,
4101,2026-03-24,2026-03-25,FIGMA,95.89,Debit,7372,Chicago,USA,IL,1.35
3002,2025-09-08,2025-09-09,WESTJET,280.49,Debit,4511,Vancouver,CAN,BC,
3001,2026-03-25,2026-03-26,DATADOG,1160.49,Debit,7372,Oklahoma City,USA,OK,1.35
3003,2026-01-23,2026-01-24,OKC SIZE & WEIGHTS PER,680.41,Debit,9399,Oklahoma City,USA,OK,1.35
5201,2026-05-11,2026-05-12,WESTJET,1143.88,Debit,4511,Oklahoma City,USA,OK,1.35
3001,2026-03-13,2026-03-14,VERIZON,367.01,Debit,4814,Toronto,CAN,ON,
3003,2025-12-24,2025-12-25,FAIRMONT,145.89,Debit,7011,Phoenix,USA,AZ,1.35
3001,2026-02-20,2026-02-21,407 ETR,73.94,Debit,4784,Oklahoma City,USA,OK,1.35
3003,2026-08-21,2026-08-22,PETRO-CANADA,266.64,Debit,5541,Chicago,USA,IL,1.35
3005,2026-01-11,2026-01-12,AWS,237.69,Debit,7372,Phoenix,USA,AZ,1.35
3005,2025-11-01,2025-11-02,AIR CANADA,938.03,Debit,4511,Phoenix,USA,AZ,1.35
4101,2025-10-26,2025-10-27,OKC SIZE & WEIGHTS PER,869.11,Debit,9399,Dallas,USA,TX,1.35
4101,2026-09-15,2026-09-16,UNITED,214.91,Debit,4511,Los Angeles,USA,CA,1.35
5203,2026-05-23,2026-05-24,NOTION,457.58,Debit,7372,Phoenix,USA,AZ,1.35
4103,2025-09-22,2025-09-23,HILTON,350.61,Debit,7011,Atlanta,USA,GA,1.35
5201,2026-04-02,2026-04-03,DATADOG,1135.99,Debit,7372,Montreal,CAN,QC,
3001,2026-04-10,2026-04-11,407 ETR,79.41,Debit,4784,Atlanta,USA,GA,1.35
3004,2026-05-20,2026-05-21,GOOGLE CLOUD,917.01,Debit,7372,Vancouver,CAN,BC,
3004,2025-11-30,2025-12-01,PIKEPASS,35.06,Debit,4784,Los Angeles,USA,CA,1.35
3001,2026-09-07,2026-09-08,OKC SIZE & WEIGHTS PER,1205.1,Debit,9399,Vancouver,CAN,BC,
3001,2026-04-09,2026-04-10,GRAINGER,354.4,Debit,5111,Atlanta,USA,GA,1.35
3001,2025-09-08,2025-09-09,OFFICE DEPOT,69.26,Debit,5111,Los Angeles,USA,CA,1.35
3003,2026-07-24,2026-07-25,WESTJET,390.15,Debit,4511,Vancouver,CAN,BC,
4102,2025-12-18,2025-12-19,MCDONALD'S,14.88,Debit,5812,Chicago,USA,IL,1.35
3001,2026-04-28,2026-04-29,GOOGLE CLOUD,1162.7,Debit,7372,Montreal,CAN,QC,
4101,2025-12-17,2025-12-18,AT&T,159.89,Debit,4814,Montreal,CAN,QC,
4102,2026-09-23,2026-09-24,ZOOM,1222.37,Debit,7372,Phoenix,USA,AZ,1.35
4103,2026-02-05,2026-02-06,FAIRMONT,310.74,Debit,7011,Toronto,CAN,ON,
4103,2025-11-07,2025-11-08,ENTERPRISE,79.28,Debit,4121,Montreal,CAN,QC,
3003,2026-08-04,2026-08-05,T-MOBILE,112.55,Debit,4814,Montreal,CAN,QC,
4102,2026-06-29,2026-06-30,T-MOBILE,357.29,Debit,4814,Chicago,USA,IL,1.35
4102,2026-02-04,2026-02-05,COMFORT INN,311.23,Debit,7011,Montreal,CAN,QC,
3004,2026-07-30,2026-07-31,SUBWAY,94.63,Debit,5812,Oklahoma City,USA,OK,1.35
5202,2026-05-07,2026-05-08,DELTA AIR LINES,723.48,Debit,4511,Calgary,CAN,AB,
3003,2026-05-22,2026-05-23,FLYING J,242.89,Debit,5541,Dallas,USA,TX,1.35
3004,2026-03-31,2026-04-01,CHEVRON,364.73,Debit,5541,Phoenix,USA,AZ,1.35
5203,2026-04-12,2026-04-13,UBER,301.87,Debit,4121,Toronto,CAN,ON,
3001,2025-10-25,2025-10-26,AIR CANADA,1160,Debit,4511,Calgary,CAN,AB,
3005,2025-12-02,2025-12-03,SLACK,930.55,Debit,7372,Phoenix,USA,AZ,1.35
4103,2026-07-03,2026-07-04,ON MTO PERMIT,1763.71,Debit,9399,Toronto,CAN,ON,
3006,2025-09-12,2025-09-13,SHELL,198.88,Debit,5541,Atlanta,USA,GA,1.35
3002,2025-09-12,2025-09-13,AB TRANSP,750.38,Debit,9399,Atlanta,USA,GA,1.35
3002,2026-07-17,2026-07-18,ZOOM,59.6,Debit,7372,Oklahoma City,USA,OK,1.35
3005,2026-08-09,2026-08-10,OVERSIZE LOAD PERMIT,723.82,Debit,9399,Calgary,CAN,AB,
5202,2025-12-25,2025-12-26,TX DMV PERMITS,557.7,Debit,9399,Toronto,CAN,ON,
4101,2025-10-27,2025-10-28,407 ETR,43.22,Debit,4784,Oklahoma City,USA,OK,1.35
3002,2026-09-10,2026-09-11,ON MTO PERMIT,1023.1,Debit,9399,Vancouver,CAN,BC,
5201,2026-08-13,2026-08-14,MARATHON,100.89,Debit,5541,Oklahoma City,USA,OK,1.35
4101,2026-08-26,2026-08-27,HERTZ,194.8,Debit,4121,Calgary,CAN,AB,
3003,2026-09-16,2026-09-17,MARATHON,93.46,Debit,5541,Vancouver,CAN,BC,
3003,2026-05-30,2026-05-31,TX DMV PERMITS,1339.46,Debit,9399,Dallas,USA,TX,1.35
3006,2026-08-03,2026-08-04,PILOT,294.97,Debit,5541,Phoenix,USA,AZ,1.35
3001,2026-02-16,2026-02-17,BEST WESTERN,270.43,Debit,7011,Montreal,CAN,QC,
4101,2026-01-29,2026-01-30,OVERSIZE LOAD PERMIT,1685.09,Debit,9399,Calgary,CAN,AB,
4101,2026-04-04,2026-04-05,OKC SIZE & WEIGHTS PER,402.69,Debit,9399,Vancouver,CAN,BC,
4102,2026-06-01,2026-06-02,TIM HORTONS,91.07,Debit,5812,Los Angeles,USA,CA,1.35
3004,2026-01-13,2026-01-14,CIRCLE K,385.22,Debit,5541,Phoenix,USA,AZ,1.35
3004,2026-01-13,2026-01-14,AB TRANSP,1664.27,Debit,9399,Oklahoma City,USA,OK,1.35
4103,2025-09-10,2025-09-11,GOOGLE CLOUD,2080.43,Debit,7372,Calgary,CAN,AB,
3001,2026-03-07,2026-03-08,AWS,1238.56,Debit,7372,Phoenix,USA,AZ,1.35
4101,2026-04-15,2026-04-16,UBER,66.22,Debit,4121,Phoenix,USA,AZ,1.35
3002,2026-09-29,2026-09-30,AMERICAN AIRLINES,1012.23,Debit,4511,Chicago,USA,IL,1.35
5201,2026-09-08,2026-09-09,WESTJET,383.86,Debit,4511,Montreal,CAN,QC,
3001,2026-07-06,2026-07-07,TIM HORTONS,70.99,Debit,5812,Chicago,USA,IL,1.35
4103,2026-01-27,2026-01-28,FLYING J,378.49,Debit,5541,Calgary,CAN,AB,
3001,2026-07-15,2026-07-16,ZOOM,960.56,Debit,7372,Calgary,CAN,AB,
3005,2025-10-10,2025-10-11,AMERICAN AIRLINES,774.85,Debit,4511,Dallas,USA,TX,1.35
3006,2026-02-01,2026-02-02,AB TRANSP,1142.9,Debit,9399,Los Angeles,USA,CA,1.35
3004,2026-06-22,2026-06-23,ON MTO PERMIT,528.55,Debit,9399,Oklahoma City,USA,OK,1.35
3003,2026-03-13,2026-03-14,BELL,366.8,Debit,4814,Los Angeles,USA,CA,1.35
3002,2026-09-20,2026-09-21,SLACK,468.03,Debit,7372,Chicago,USA,IL,1.35
4103,2026-01-03,2026-01-04,BELL,425.32,Debit,4814,Chicago,USA,IL,1.35
3004,2026-02-11,2026-02-12,GOOGLE CLOUD,804.13,Debit,7372,Calgary,CAN,AB,
3006,2026-06-02,2026-06-03,HERTZ,126.68,Debit,4121,Atlanta,USA,GA,1.35
3002,2026-08-02,2026-08-03,MARATHON,510.72,Debit,5541,Calgary,CAN,AB,
3003,2025-11-14,2025-11-15,AMAZON BUSINESS,245.94,Debit,5111,Chicago,USA,IL,1.35
3001,2026-03-25,2026-03-26,AB TRANSP,162.83,Debit,9399,Calgary,CAN,AB,
3004,2025-10-19,2025-10-20,ZOOM,839.16,Debit,7372,Los Angeles,USA,CA,1.35
3001,2026-01-12,2026-01-13,FAIRMONT,411.86,Debit,7011,Oklahoma City,USA,OK,1.35
3004,2026-09-04,2026-09-05,OFFICE DEPOT,220.71,Debit,5111,Phoenix,USA,AZ,1.35
4102,2025-11-13,2025-11-14,AB TRANSP,1500.24,Debit,9399,Los Angeles,USA,CA,1.35
3006,2026-01-16,2026-01-17,SUBWAY,38.17,Debit,5812,Toronto,CAN,ON,
3001,2026-01-31,2026-02-01,BELL,99.88,Debit,4814,Oklahoma City,USA,OK,1.35
3002,2025-10-27,2025-10-28,DELTA AIR LINES,447.46,Debit,4511,Chicago,USA,IL,1.35
3002,2026-01-11,2026-01-12,COMFORT INN,112.94,Debit,7011,Vancouver,CAN,BC,
3001,2026-05-01,2026-05-02,COMFORT INN,257.83,Debit,7011,Montreal,CAN,QC,
3002,2026-07-23,2026-07-24,HILTON,110.23,Debit,7011,Toronto,CAN,ON,
4101,2026-09-27,2026-09-28,AB TRANSP,1342.75,Debit,9399,Vancouver,CAN,BC,
5201,2026-05-26,2026-05-27,ESSO,487.73,Debit,5541,Oklahoma City,USA,OK,1.35
5203,2026-02-07,2026-02-08,COMFORT INN,303.5,Debit,7011,Toronto,CAN,ON,
3003,2026-07-08,2026-07-09,UBER,277.49,Debit,4121,Oklahoma City,USA,OK,1.35
5201,2026-05-05,2026-05-06,AIR CANADA,530.34,Debit,4511,Dallas,USA,TX,1.35
4102,2025-11-11,2025-11-12,ESSO,298.26,Debit,5541,Los Angeles,USA,CA,1.35
4103,2026-04-17,2026-04-18,AB TRANSP,1066.85,Debit,9399,Dallas,USA,TX,1.35
3002,2026-03-29,2026-03-30,AB TRANSP,720.04,Debit,9399,Montreal,CAN,QC,
3001,2026-04-22,2026-04-23,SUNOCO,582.44,Debit,5541,Phoenix,USA,AZ,1.35
3006,2026-08-08,2026-08-09,HOLIDAY INN,252.35,Debit,7011,Toronto,CAN,ON,
4101,2026-02-14,2026-02-15,PANERA,136.52,Debit,5812,Montreal,CAN,QC,
3001,2026-06-04,2026-06-05,MARATHON,299.15,Debit,5541,Toronto,CAN,ON,
3004,2026-02-07,2026-02-08,OVERSIZE LOAD PERMIT,555.91,Debit,9399,Vancouver,CAN,BC,
4101,2026-01-05,2026-01-06,FAIRMONT,324.19,Debit,7011,Dallas,USA,TX,1.35
4101,2026-04-28,2026-04-29,SLACK,1617.1,Debit,7372,Phoenix,USA,AZ,1.35
3005,2025-12-16,2025-12-17,OKC SIZE & WEIGHTS PER,1180.45,Debit,9399,Calgary,CAN,AB,
3005,2026-04-11,2026-04-12,MARATHON,521.48,Debit,5541,Los Angeles,USA,CA,1.35
5201,2026-04-02,2026-04-03,CHIPOTLE,133.28,Debit,5812,Montreal,CAN,QC,
4103,2026-08-07,2026-08-08,DATADOG,937.64,Debit,7372,Montreal,CAN,QC,
3004,2026-03-09,2026-03-10,UNITED,351.09,Debit,4511,Vancouver,CAN,BC,
4101,2026-05-17,2026-05-18,UNITED,971.98,Debit,4511,Phoenix,USA,AZ,1.35
3006,2026-02-17,2026-02-18,HERTZ,76.18,Debit,4121,Dallas,USA,TX,1.35
3002,2026-03-17,2026-03-18,AVIS,191.95,Debit,4121,Vancouver,CAN,BC,
3001,2025-09-11,2025-09-12,FLYING J,447.1,Debit,5541,Toronto,CAN,ON,
3001,2026-06-26,2026-06-27,HOLIDAY INN,361.62,Debit,7011,Los Angeles,USA,CA,1.35
3005,2026-07-19,2026-07-20,SALESFORCE,2168.72,Debit,7372,Dallas,USA,TX,1.35
3004,2025-12-08,2025-12-09,TX DMV PERMITS,1120.92,Debit,9399,Chicago,USA,IL,1.35
3006,2025-10-12,2025-10-13,NTTA TOLLS,71.12,Debit,4784,Montreal,CAN,QC,
3003,2026-07-11,2026-07-12,AB TRANSP,438.07,Debit,9399,Vancouver,CAN,BC,
4101,2026-03-01,2026-03-02,PANERA,51.34,Debit,5812,Oklahoma City,USA,OK,1.35
5203,2025-10-29,2025-10-30,FLYING J,476.91,Debit,5541,Toronto,CAN,ON,
3001,2026-01-10,2026-01-11,GITHUB,1958.78,Debit,7372,Toronto,CAN,ON,
3005,2026-08-25,2026-08-26,HERTZ,173.24,Debit,4121,Dallas,USA,TX,1.35
3001,2026-09-09,2026-09-10,PIKEPASS,87.46,Debit,4784,Montreal,CAN,QC,
4101,2026-04-16,2026-04-17,UBER,132.08,Debit,4121,Oklahoma City,USA,OK,1.35
5202,2026-01-10,2026-01-11,FAIRMONT,359.48,Debit,7011,Montreal,CAN,QC,
3001,2025-09-27,2025-09-28,SHELL,450.58,Debit,5541,Dallas,USA,TX,1.35
4103,2025-10-22,2025-10-23,OVERSIZE LOAD PERMIT,1554.09,Debit,9399,Phoenix,USA,AZ,1.35
4103,2026-03-13,2026-03-14,TX DMV PERMITS,610.41,Debit,9399,Chicago,USA,IL,1.35
3001,2025-09-19,2025-09-20,SUBWAY,46.85,Debit,5812,Chicago,USA,IL,1.35
4102,2026-03-12,2026-03-13,ESSO,194.51,Debit,5541,Montreal,CAN,QC,
3003,2025-12-30,2025-12-31,FIGMA,2085.06,Debit,7372,Oklahoma City,USA,OK,1.35
3001,2026-06-01,2026-06-02,GRAINGER,558.62,Debit,5111,Chicago,USA,IL,1.35
3005,2025-10-21,2025-10-22,NOTION,1236.02,Debit,7372,Calgary,CAN,AB,
3002,2026-01-08,2026-01-09,UBER,104.26,Debit,4121,Montreal,CAN,QC,
3001,2025-09-26,2025-09-27,ON MTO PERMIT,350.69,Debit,9399,Chicago,USA,IL,1.35
3001,2026-09-02,2026-09-03,BELL,220.96,Debit,4814,Montreal,CAN,QC,
5201,2026-07-10,2026-07-11,FLYING J,105.69,Debit,5541,Calgary,CAN,AB,
4101,2025-09-19,2025-09-20,GITHUB,1707.21,Debit,7372,Dallas,USA,TX,1.35
3004,2026-07-20,2026-07-21,ESSO,442.33,Debit,5541,Chicago,USA,IL,1.35
3005,2026-03-12,2026-03-13,CHEVRON,591.47,Debit,5541,Los Angeles,USA,CA,1.35
5202,2025-10-10,2025-10-11,CHIPOTLE,56.5,Debit,5812,Oklahoma City,USA,OK,1.35
3002,2025-09-06,2025-09-07,MARRIOTT,167.16,Debit,7011,Toronto,CAN,ON,
3006,2026-03-31,2026-04-01,GITHUB,1959.81,Debit,7372,Vancouver,CAN,BC,
4103,2026-04-11,2026-04-12,SUBWAY,43.59,Debit,5812,Chicago,USA,IL,1.35
3001,2026-02-18,2026-02-19,407 ETR,41.02,Debit,4784,Dallas,USA,TX,1.35
4103,2026-08-02,2026-08-03,T-MOBILE,485.36,Debit,4814,Montreal,CAN,QC,
4102,2026-07-23,2026-07-24,GRAINGER,761.34,Debit,5111,Toronto,CAN,ON,
3005,2026-08-30,2026-08-31,SLACK,1406.1,Debit,7372,Los Angeles,USA,CA,1.35
5201,2025-10-29,2025-10-30,ENTERPRISE,287.75,Debit,4121,Oklahoma City,USA,OK,1.35
5203,2026-06-22,2026-06-23,GOOGLE CLOUD,605.59,Debit,7372,Vancouver,CAN,BC,
3002,2025-12-02,2025-12-03,WESTJET,216.29,Debit,4511,Chicago,USA,IL,1.35
5201,2025-12-25,2025-12-26,AB TRANSP,997.86,Debit,9399,Chicago,USA,IL,1.35
5201,2025-09-21,2025-09-22,SUNOCO,150.91,Debit,5541,Los Angeles,USA,CA,1.35
3002,2025-09-22,2025-09-23,MCDONALD'S,111.91,Debit,5812,Calgary,CAN,AB,
3003,2026-03-22,2026-03-23,407 ETR,89.17,Debit,4784,Atlanta,USA,GA,1.35
3004,2026-03-22,2026-03-23,ESSO,205.28,Debit,5541,Calgary,CAN,AB,
3006,2025-12-10,2025-12-11,MCDONALD'S,21.56,Debit,5812,Chicago,USA,IL,1.35
4101,2026-07-28,2026-07-29,SHELL,603.82,Debit,5541,Los Angeles,USA,CA,1.35
4103,2026-04-18,2026-04-19,NTTA TOLLS,29.34,Debit,4784,Calgary,CAN,AB,
3002,2026-06-23,2026-06-24,T-MOBILE,299.14,Debit,4814,Los Angeles,USA,CA,1.35
3001,2025-11-02,2025-11-03,AIR CANADA,573.38,Debit,4511,Los Angeles,USA,CA,1.35
5203,2025-11-10,2025-11-11,AMERICAN AIRLINES,907.95,Debit,4511,Phoenix,USA,AZ,1.35
3002,2026-09-25,2026-09-26,GITHUB,1730.39,Debit,7372,Vancouver,CAN,BC,
3001,2026-09-27,2026-09-28,STAPLES,98.95,Debit,5111,Los Angeles,USA,CA,1.35
3006,2026-01-11,2026-01-12,SUNOCO,177.63,Debit,5541,Phoenix,USA,AZ,1.35
3002,2026-06-17,2026-06-18,FAIRMONT,112.38,Debit,7011,Montreal,CAN,QC,
3005,2025-10-23,2025-10-24,LYFT,187.03,Debit,4121,Dallas,USA,TX,1.35
3005,2026-06-13,2026-06-14,ULINE,351.37,Debit,5111,Montreal,CAN,QC,
5202,2026-06-15,2026-06-16,AMERICAN AIRLINES,494.92,Debit,4511,Vancouver,CAN,BC,
3001,2025-10-23,2025-10-24,AB TRANSP,213.33,Debit,9399,Montreal,CAN,QC,
3004,2026-04-23,2026-04-24,TX DMV PERMITS,54.56,Debit,9399,Montreal,CAN,QC,
3001,2026-06-29,2026-06-30,AB TRANSP,1480.91,Debit,9399,Toronto,CAN,ON,
4101,2026-04-22,2026-04-23,OVERSIZE LOAD PERMIT,1489.22,Debit,9399,Phoenix,USA,AZ,1.35
4101,2025-10-17,2025-10-18,GITHUB,484.06,Debit,7372,Phoenix,USA,AZ,1.35
3005,2025-11-09,2025-11-10,ON MTO PERMIT,471.86,Debit,9399,Montreal,CAN,QC,
3005,2026-02-07,2026-02-08,TX DMV PERMITS,932.63,Debit,9399,Los Angeles,USA,CA,1.35
3002,2025-10-20,2025-10-21,CHEVRON,246.32,Debit,5541,Calgary,CAN,AB,
3003,2026-01-01,2026-01-02,SUBWAY,63.5,Debit,5812,Dallas,USA,TX,1.35
3006,2025-10-25,2025-10-26,BELL,116.12,Debit,4814,Chicago,USA,IL,1.35
3005,2025-11-19,2025-11-20,LOVE'S,301.36,Debit,5541,Montreal,CAN,QC,
4102,2026-05-04,2026-05-05,HILTON,155.38,Debit,7011,Montreal,CAN,QC,
3006,2026-08-08,2026-08-09,AT&T,379.81,Debit,4814,Oklahoma City,USA,OK,1.35
4102,2026-04-04,2026-04-05,SHELL,92.64,Debit,5541,Montreal,CAN,QC,
5201,2026-05-31,2026-06-01,CHEVRON,358.36,Debit,5541,Los Angeles,USA,CA,1.35
4101,2026-07-23,2026-07-24,ROGERS,209.9,Debit,4814,Phoenix,USA,AZ,1.35
3005,2026-07-01,2026-07-02,CHIPOTLE,15.41,Debit,5812,Toronto,CAN,ON,
3002,2025-12-27,2025-12-28,T-MOBILE,210.03,Debit,4814,Vancouver,CAN,BC,
3003,2026-08-01,2026-08-02,LYFT,217.35,Debit,4121,Atlanta,USA,GA,1.35
4102,2026-06-14,2026-06-15,AIR CANADA,210.73,Debit,4511,Phoenix,USA,AZ,1.35
3005,2025-09-09,2025-09-10,PETRO-CANADA,123.85,Debit,5541,Chicago,USA,IL,1.35
5201,2026-05-02,2026-05-03,STARBUCKS,105.79,Debit,5812,Atlanta,USA,GA,1.35
3001,2025-09-23,2025-09-24,OFFICE DEPOT,608.43,Debit,5111,Montreal,CAN,QC,
4101,2026-04-28,2026-04-29,PANERA,12.51,Debit,5812,Toronto,CAN,ON,
3001,2026-04-26,2026-04-27,407 ETR,13,Debit,4784,Dallas,USA,TX,1.35
5203,2025-10-28,2025-10-29,AMAZON BUSINESS,392.44,Debit,5111,Toronto,CAN,ON,
5201,2026-05-28,2026-05-29,SUBWAY,93.32,Debit,5812,Chicago,USA,IL,1.35
3006,2026-04-11,2026-04-12,PILOT,354.02,Debit,5541,Oklahoma City,USA,OK,1.35
3004,2026-01-30,2026-01-31,ZOOM,187.78,Debit,7372,Montreal,CAN,QC,
3006,2026-08-31,2026-09-01,UNITED,238,Debit,4511,Montreal,CAN,QC,
3003,2026-08-18,2026-08-19,AT&T,347.76,Debit,4814,Phoenix,USA,AZ,1.35
3005,2026-06-20,2026-06-21,GOOGLE CLOUD,839.64,Debit,7372,Oklahoma City,USA,OK,1.35
3003,2026-08-03,2026-08-04,GRAINGER,287.56,Debit,5111,Montreal,CAN,QC,
4101,2026-06-27,2026-06-28,TIM HORTONS,106.55,Debit,5812,Dallas,USA,TX,1.35
3005,2025-09-02,2025-09-03,OKC SIZE & WEIGHTS PER,928.89,Debit,9399,Atlanta,USA,GA,1.35
3005,2026-09-11,2026-09-12,CIRCLE K,245.89,Debit,5541,Toronto,CAN,ON,
3003,2026-03-03,2026-03-04,SLACK,1328.55,Debit,7372,Los Angeles,USA,CA,1.35
3002,2026-08-07,2026-08-08,AIR CANADA,932.79,Debit,4511,Atlanta,USA,GA,1.35
5203,2025-12-29,2025-12-30,FAIRMONT,192.02,Debit,7011,Chicago,USA,IL,1.35
3001,2026-05-05,2026-05-06,AIR CANADA,393.61,Debit,4511,Atlanta,USA,GA,1.35
3002,2025-09-28,2025-09-29,STARBUCKS,59.06,Debit,5812,Dallas,USA,TX,1.35
3002,2026-09-08,2026-09-09,UNITED,250.79,Debit,4511,Montreal,CAN,QC,
3002,2026-09-04,2026-09-05,MCDONALD'S,70.02,Debit,5812,Chicago,USA,IL,1.35
3006,2025-10-10,2025-10-11,ON MTO PERMIT,662.1,Debit,9399,Vancouver,CAN,BC,
3003,2026-04-22,2026-04-23,ZOOM,1132.36,Debit,7372,Toronto,CAN,ON,
4102,2026-06-08,2026-06-09,OKC SIZE & WEIGHTS PER,154.31,Debit,9399,Dallas,USA,TX,1.35
3001,2026-06-04,2026-06-05,T-MOBILE,339.01,Debit,4814,Vancouver,CAN,BC,
4103,2026-07-05,2026-07-06,PILOT,585.74,Debit,5541,Dallas,USA,TX,1.35
4101,2025-09-21,2025-09-22,CIRCLE K,258.9,Debit,5541,Atlanta,USA,GA,1.35
3002,2026-06-23,2026-06-24,PANERA,106.38,Debit,5812,Toronto,CAN,ON,
4101,2026-01-28,2026-01-29,FIGMA,689.58,Debit,7372,Chicago,USA,IL,1.35
4102,2026-03-12,2026-03-13,BEST WESTERN,243.95,Debit,7011,Dallas,USA,TX,1.35
4101,2026-06-16,2026-06-17,AWS,745.3,Debit,7372,Los Angeles,USA,CA,1.35
3001,2026-09-09,2026-09-10,OVERSIZE LOAD PERMIT,1143.15,Debit,9399,Los Angeles,USA,CA,1.35
3001,2025-11-20,2025-11-21,ENTERPRISE,223.38,Debit,4121,Phoenix,USA,AZ,1.35
3003,2025-12-11,2025-12-12,407 ETR,52.36,Debit,4784,Dallas,USA,TX,1.35
3005,2025-09-21,2025-09-22,SUNOCO,515.45,Debit,5541,Vancouver,CAN,BC,
3006,2026-06-30,2026-07-01,BELL,369.87,Debit,4814,Calgary,CAN,AB,
3004,2026-03-24,2026-03-25,TIM HORTONS,85.25,Debit,5812,Vancouver,CAN,BC,
3001,2026-08-09,2026-08-10,NOTION,1559.63,Debit,7372,Oklahoma City,USA,OK,1.35
5201,2026-09-13,2026-09-14,LYFT,25.06,Debit,4121,Montreal,CAN,QC,
3002,2026-07-24,2026-07-25,FIGMA,328.06,Debit,7372,Chicago,USA,IL,1.35
5202,2026-09-18,2026-09-19,OKC SIZE & WEIGHTS PER,1168.97,Debit,9399,Dallas,USA,TX,1.35
4101,2026-01-29,2026-01-30,T-MOBILE,384.84,Debit,4814,Atlanta,USA,GA,1.35
3005,2026-08-31,2026-09-01,NOTION,1093.5,Debit,7372,Atlanta,USA,GA,1.35
3001,2026-09-05,2026-09-06,UNITED,885.78,Debit,4511,Oklahoma City,USA,OK,1.35
4101,2025-12-02,2025-12-03,STAPLES,471.54,Debit,5111,Dallas,USA,TX,1.35
3003,2026-03-20,2026-03-21,ZOOM,1565.87,Debit,7372,Atlanta,USA,GA,1.35
5201,2026-08-29,2026-08-30,SALESFORCE,1886.01,Debit,7372,Dallas,USA,TX,1.35
5202,2025-10-28,2025-10-29,HOLIDAY INN,283.35,Debit,7011,Vancouver,CAN,BC,
3003,2025-09-05,2025-09-06,ULINE,28.1,Debit,5111,Toronto,CAN,ON,
5201,2026-02-26,2026-02-27,LOVE'S,372.6,Debit,5541,Oklahoma City,USA,OK,1.35
4103,2026-04-19,2026-04-20,MARRIOTT,216.2,Debit,7011,Montreal,CAN,QC,
3001,2026-01-11,2026-01-12,AMAZON BUSINESS,354.08,Debit,5111,Montreal,CAN,QC,
3005,2025-11-25,2025-11-26,TIM HORTONS,44.49,Debit,5812,Oklahoma City,USA,OK,1.35
3006,2026-01-19,2026-01-20,AMERICAN AIRLINES,1100.8,Debit,4511,Montreal,CAN,QC,
5202,2025-10-31,2025-11-01,SHELL,552.27,Debit,5541,Calgary,CAN,AB,
3003,2025-09-02,2025-09-03,AVIS,50.09,Debit,4121,Chicago,USA,IL,1.35
4102,2025-11-25,2025-11-26,VERIZON,170.94,Debit,4814,Los Angeles,USA,CA,1.35
4103,2026-04-20,2026-04-21,OKC SIZE & WEIGHTS PER,1379.74,Debit,9399,Dallas,USA,TX,1.35
3002,2026-08-15,2026-08-16,HOLIDAY INN,183.55,Debit,7011,Chicago,USA,IL,1.35
4102,2026-08-25,2026-08-26,HILTON,406.81,Debit,7011,Los Angeles,USA,CA,1.35
3001,2025-10-19,2025-10-20,COMFORT INN,200.99,Debit,7011,Calgary,CAN,AB,
4103,2026-06-11,2026-06-12,FLYING J,554.07,Debit,5541,Vancouver,CAN,BC,
3001,2025-09-30,2025-10-01,LOVE'S,233.08,Debit,5541,Chicago,USA,IL,1.35
3003,2026-09-01,2026-09-02,AMAZON BUSINESS,755.98,Debit,5111,Montreal,CAN,QC,
4101,2026-01-10,2026-01-11,OLIVE GARDEN,115,Debit,5812,Los Angeles,USA,CA,1.35
3001,2025-10-17,2025-10-18,AMERICAN AIRLINES,1135.03,Debit,4511,Dallas,USA,TX,1.35
4101,2026-08-18,2026-08-19,OLIVE GARDEN,53.17,Debit,5812,Atlanta,USA,GA,1.35
3005,2025-09-12,2025-09-13,MARATHON,523.27,Debit,5541,Vancouver,CAN,BC,
4103,2026-08-05,2026-08-06,AMERICAN AIRLINES,967.97,Debit,4511,Montreal,CAN,QC,
5203,2026-06-03,2026-06-04,PILOT,300.17,Debit,5541,Phoenix,USA,AZ,1.35
4102,2025-11-07,2025-11-08,LOVE'S,280.89,Debit,5541,Toronto,CAN,ON,
4102,2025-12-29,2025-12-30,OLIVE GARDEN,89.26,Debit,5812,Montreal,CAN,QC,
3003,2025-10-06,2025-10-07,SALESFORCE,1171.23,Debit,7372,Atlanta,USA,GA,1.35
4101,2025-12-16,2025-12-17,BEST WESTERN,208.6,Debit,7011,Oklahoma City,USA,OK,1.35
4103,2026-08-24,2026-08-25,ENTERPRISE,269.56,Debit,4121,Montreal,CAN,QC,
4102,2026-07-10,2026-07-11,AT&T,452.76,Debit,4814,Toronto,CAN,ON,
3003,2026-06-14,2026-06-15,UBER,28.71,Debit,4121,Dallas,USA,TX,1.35
3004,2025-11-07,2025-11-08,LOVE'S,462.29,Debit,5541,Montreal,CAN,QC,
5201,2026-09-29,2026-09-30,GOOGLE CLOUD,2195.86,Debit,7372,Chicago,USA,IL,1.35
4103,2025-11-01,2025-11-02,MARRIOTT,200.51,Debit,7011,Oklahoma City,USA,OK,1.35
3002,2026-08-08,2026-08-09,AMERICAN AIRLINES,1086.48,Debit,4511,Phoenix,USA,AZ,1.35
3005,2026-01-28,2026-01-29,407 ETR,47.06,Debit,4784,Vancouver,CAN,BC,
4101,2026-09-19,2026-09-20,PANERA,31.33,Debit,5812,Montreal,CAN,QC,
3002,2025-12-13,2025-12-14,PILOT,466.32,Debit,5541,Los Angeles,USA,CA,1.35
5203,2026-07-21,2026-07-22,PILOT,469.83,Debit,5541,Phoenix,USA,AZ,1.35
3003,2026-03-17,2026-03-18,MARATHON,528.81,Debit,5541,Toronto,CAN,ON,
3002,2025-09-10,2025-09-11,UNITED,181.65,Debit,4511,Vancouver,CAN,BC,
3005,2026-04-16,2026-04-17,CHIPOTLE,42.6,Debit,5812,Toronto,CAN,ON,
3004,2026-06-17,2026-06-18,FLYING J,242.22,Debit,5541,Atlanta,USA,GA,1.35
5202,2026-02-22,2026-02-23,HOLIDAY INN,117,Debit,7011,Calgary,CAN,AB,
3002,2026-08-06,2026-08-07,ENTERPRISE,234.32,Debit,4121,Montreal,CAN,QC,
4103,2026-08-19,2026-08-20,ATLASSIAN,1963.1,Debit,7372,Los Angeles,USA,CA,1.35
4103,2025-10-15,2025-10-16,ESSO,591.19,Debit,5541,Montreal,CAN,QC,
3006,2025-12-28,2025-12-29,CHIPOTLE,99.08,Debit,5812,Phoenix,USA,AZ,1.35
5201,2026-06-28,2026-06-29,GOOGLE CLOUD,206.28,Debit,7372,Montreal,CAN,QC,
4103,2026-04-28,2026-04-29,AMERICAN AIRLINES,648.98,Debit,4511,Calgary,CAN,AB,
4101,2025-12-30,2025-12-31,ROGERS,52.45,Debit,4814,Calgary,CAN,AB,
4101,2026-06-08,2026-06-09,SALESFORCE,1510.59,Debit,7372,Phoenix,USA,AZ,1.35
3002,2026-09-16,2026-09-17,SALESFORCE,1355.84,Debit,7372,Toronto,CAN,ON,
3001,2026-07-10,2026-07-11,ZOOM,1545.93,Debit,7372,Dallas,USA,TX,1.35
5203,2026-02-23,2026-02-24,OFFICE DEPOT,317.02,Debit,5111,Dallas,USA,TX,1.35
3005,2026-01-20,2026-01-21,DELTA AIR LINES,424.36,Debit,4511,Oklahoma City,USA,OK,1.35
3001,2025-10-20,2025-10-21,PIKEPASS,48.9,Debit,4784,Phoenix,USA,AZ,1.35
3003,2026-05-15,2026-05-16,TX DMV PERMITS,1172.35,Debit,9399,Atlanta,USA,GA,1.35
5202,2026-04-15,2026-04-16,CHEVRON,117.72,Debit,5541,Toronto,CAN,ON,
3002,2026-06-19,2026-06-20,SALESFORCE,366.44,Debit,7372,Phoenix,USA,AZ,1.35
3004,2025-09-28,2025-09-29,OVERSIZE LOAD PERMIT,1439.54,Debit,9399,Montreal,CAN,QC,
3003,2025-12-10,2025-12-11,OVERSIZE LOAD PERMIT,1671.66,Debit,9399,Calgary,CAN,AB,
3001,2026-02-07,2026-02-08,GOOGLE CLOUD,602.25,Debit,7372,Atlanta,USA,GA,1.35
5201,2026-09-28,2026-09-29,GOOGLE CLOUD,304.36,Debit,7372,Montreal,CAN,QC,
3001,2026-02-21,2026-02-22,AMERICAN AIRLINES,1291.09,Debit,4511,Oklahoma City,USA,OK,1.35
3004,2026-04-12,2026-04-13,VERIZON,118.41,Debit,4814,Chicago,USA,IL,1.35
3003,2025-09-11,2025-09-12,OVERSIZE LOAD PERMIT,490.98,Debit,9399,Phoenix,USA,AZ,1.35
4103,2026-07-17,2026-07-18,GITHUB,881.9,Debit,7372,Phoenix,USA,AZ,1.35
3001,2026-01-27,2026-01-28,OLIVE GARDEN,34.72,Debit,5812,Phoenix,USA,AZ,1.35
3001,2025-09-09,2025-09-10,FLYING J,400.79,Debit,5541,Toronto,CAN,ON,
4103,2026-05-09,2026-05-10,HILTON,296.19,Debit,7011,Oklahoma City,USA,OK,1.35
4101,2026-06-12,2026-06-13,TIM HORTONS,40.52,Debit,5812,Phoenix,USA,AZ,1.35
3003,2025-11-04,2025-11-05,WESTJET,1261.86,Debit,4511,Calgary,CAN,AB,
5201,2026-05-18,2026-05-19,CHEVRON,96.54,Debit,5541,Phoenix,USA,AZ,1.35
4101,2026-01-20,2026-01-21,PILOT,557.24,Debit,5541,Atlanta,USA,GA,1.35
3001,2026-06-27,2026-06-28,AIR CANADA,1001.22,Debit,4511,Dallas,USA,TX,1.35
4102,2025-10-15,2025-10-16,LOVE'S,217,Debit,5541,Montreal,CAN,QC,
3004,2026-01-13,2026-01-14,ON MTO PERMIT,1501.54,Debit,9399,Los Angeles,USA,CA,1.35
3006,2026-05-01,2026-05-02,ROGERS,123.44,Debit,4814,Montreal,CAN,QC,
4101,2026-06-12,2026-06-13,ENTERPRISE,175.52,Debit,4121,Phoenix,USA,AZ,1.35
3006,2026-07-11,2026-07-12,ON MTO PERMIT,1381.08,Debit,9399,Calgary,CAN,AB,
5201,2025-11-26,2025-11-27,OKC SIZE & WEIGHTS PER,797.31,Debit,9399,Atlanta,USA,GA,1.35
3003,2026-03-04,2026-03-05,CIRCLE K,442.69,Debit,5541,Montreal,CAN,QC,
3001,2025-09-06,2025-09-07,AMAZON BUSINESS,663.93,Debit,5111,Phoenix,USA,AZ,1.35
3001,2025-12-26,2025-12-27,COMFORT INN,154.58,Debit,7011,Montreal,CAN,QC,
3001,2026-01-25,2026-01-26,NOTION,356.54,Debit,7372,Los Angeles,USA,CA,1.35
3003,2026-01-19,2026-01-20,VERIZON,308.73,Debit,4814,Chicago,USA,IL,1.35
4102,2026-05-14,2026-05-15,E-ZPASS,89.35,Debit,4784,Toronto,CAN,ON,
3001,2025-11-01,2025-11-02,FLYING J,412.14,Debit,5541,Phoenix,USA,AZ,1.35
3001,2026-04-05,2026-04-06,AIR CANADA,358.07,Debit,4511,Chicago,USA,IL,1.35
5201,2026-02-06,2026-02-07,BEST WESTERN,418.67,Debit,7011,Chicago,USA,IL,1.35
5202,2025-12-13,2025-12-14,SHELL,459.09,Debit,5541,Vancouver,CAN,BC,
4101,2026-01-23,2026-01-24,FAIRMONT,391.75,Debit,7011,Los Angeles,USA,CA,1.35
5201,2026-03-26,2026-03-27,DATADOG,454.7,Debit,7372,Vancouver,CAN,BC,
3002,2026-07-09,2026-07-10,ON MTO PERMIT,1031.47,Debit,9399,Dallas,USA,TX,1.35
3001,2026-05-01,2026-05-02,OKC SIZE & WEIGHTS PER,315.36,Debit,9399,Montreal,CAN,QC,
3004,2025-09-17,2025-09-18,ZOOM,1959.59,Debit,7372,Phoenix,USA,AZ,1.35
3002,2025-12-12,2025-12-13,ENTERPRISE,304.35,Debit,4121,Phoenix,USA,AZ,1.35
4101,2026-03-22,2026-03-23,ESSO,311.33,Debit,5541,Phoenix,USA,AZ,1.35
4102,2025-10-19,2025-10-20,UBER,116.04,Debit,4121,Atlanta,USA,GA,1.35
3005,2025-12-20,2025-12-21,407 ETR,75.86,Debit,4784,Vancouver,CAN,BC,
3005,2026-07-30,2026-07-31,SUBWAY,46.71,Debit,5812,Calgary,CAN,AB,
5201,2025-09-27,2025-09-28,FAIRMONT,177.05,Debit,7011,Vancouver,CAN,BC,
3001,2025-09-30,2025-10-01,ULINE,151.41,Debit,5111,Los Angeles,USA,CA,1.35
3001,2026-06-08,2026-06-09,SLACK,598.48,Debit,7372,Oklahoma City,USA,OK,1.35
3006,2026-06-18,2026-06-19,GOOGLE CLOUD,2118,Debit,7372,Toronto,CAN,ON,
3006,2026-09-06,2026-09-07,AB TRANSP,960.42,Debit,9399,Phoenix,USA,AZ,1.35
3001,2025-11-04,2025-11-05,AT&T,240.49,Debit,4814,Dallas,USA,TX,1.35
4101,2026-01-22,2026-01-23,FAIRMONT,322.73,Debit,7011,Chicago,USA,IL,1.35
3002,2025-11-14,2025-11-15,STAPLES,326.37,Debit,5111,Montreal,CAN,QC,
3005,2026-02-25,2026-02-26,HOLIDAY INN,317.92,Debit,7011,Phoenix,USA,AZ,1.35
3003,2026-03-10,2026-03-11,AB TRANSP,1371.58,Debit,9399,Dallas,USA,TX,1.35
3004,2026-09-21,2026-09-22,OLIVE GARDEN,52.32,Debit,5812,Los Angeles,USA,CA,1.35
3001,2026-07-05,2026-07-06,LOVE'S,322.16,Debit,5541,Los Angeles,USA,CA,1.35
3002,2026-07-14,2026-07-15,OVERSIZE LOAD PERMIT,1704.23,Debit,9399,Calgary,CAN,AB,
4102,2025-09-04,2025-09-05,ESSO,334.2,Debit,5541,Vancouver,CAN,BC,
3001,2025-11-27,2025-11-28,MARATHON,536.15,Debit,5541,Toronto,CAN,ON,
4101,2026-02-13,2026-02-14,AB TRANSP,1134.84,Debit,9399,Vancouver,CAN,BC,
3005,2025-10-14,2025-10-15,HILTON,124.58,Debit,7011,Toronto,CAN,ON,
3001,2026-09-21,2026-09-22,OVERSIZE LOAD PERMIT,539.11,Debit,9399,Vancouver,CAN,BC,
3006,2025-12-08,2025-12-09,CHIPOTLE,18.14,Debit,5812,Chicago,USA,IL,1.35
4102,2026-03-24,2026-03-25,AIR CANADA,1029.73,Debit,4511,Montreal,CAN,QC,
3003,2026-07-12,2026-07-13,AWS,243,Debit,7372,Phoenix,USA,AZ,1.35
5202,2025-10-14,2025-10-15,CIRCLE K,103.18,Debit,5541,Calgary,CAN,AB,
4101,2026-01-28,2026-01-29,SUNOCO,535.82,Debit,5541,Phoenix,USA,AZ,1.35
3001,2025-11-11,2025-11-12,MARRIOTT,124.66,Debit,7011,Oklahoma City,USA,OK,1.35
3003,2026-09-23,2026-09-24,PIKEPASS,64.51,Debit,4784,Toronto,CAN,ON,
3003,2026-02-12,2026-02-13,ESSO,581.42,Debit,5541,Oklahoma City,USA,OK,1.35
3003,2026-07-16,2026-07-17,BEST WESTERN,351.54,Debit,7011,Oklahoma City,USA,OK,1.35
5202,2026-08-25,2026-08-26,SUNOCO,351.91,Debit,5541,Oklahoma City,USA,OK,1.35
3003,2025-09-27,2025-09-28,HOLIDAY INN,387.99,Debit,7011,Vancouver,CAN,BC,
5202,2026-05-17,2026-05-18,GRAINGER,46.37,Debit,5111,Vancouver,CAN,BC,
3001,2025-11-15,2025-11-16,SLACK,174.07,Debit,7372,Oklahoma City,USA,OK,1.35
3005,2026-05-12,2026-05-13,COMFORT INN,390.03,Debit,7011,Oklahoma City,USA,OK,1.35
3002,2026-03-30,2026-03-31,AVIS,242.72,Debit,4121,Chicago,USA,IL,1.35
3004,2025-11-02,2025-11-03,AMAZON BUSINESS,267.73,Debit,5111,Dallas,USA,TX,1.35
3004,2025-10-21,2025-10-22,STAPLES,509.5,Debit,5111,Phoenix,USA,AZ,1.35
3006,2026-08-26,2026-08-27,T-MOBILE,413.24,Debit,4814,Montreal,CAN,QC,
3002,2026-02-19,2026-02-20,ENTERPRISE,310.96,Debit,4121,Atlanta,USA,GA,1.35
3003,2026-01-19,2026-01-20,ULINE,540.69,Debit,5111,Chicago,USA,IL,1.35
3006,2026-09-06,2026-09-07,ON MTO PERMIT,1527.27,Debit,9399,Toronto,CAN,ON,
3004,2025-12-27,2025-12-28,AT&T,220.18,Debit,4814,Atlanta,USA,GA,1.35
3002,2026-08-14,2026-08-15,HOLIDAY INN,185.9,Debit,7011,Toronto,CAN,ON,
3001,2025-12-22,2025-12-23,FAIRMONT,303.34,Debit,7011,Toronto,CAN,ON,
3004,2026-02-22,2026-02-23,LOVE'S,386.44,Debit,5541,Vancouver,CAN,BC,
3002,2026-02-06,2026-02-07,MARRIOTT,398.54,Debit,7011,Calgary,CAN,AB,
4101,2026-07-31,2026-08-01,407 ETR,81.16,Debit,4784,Toronto,CAN,ON,
3006,2026-05-31,2026-06-01,DELTA AIR LINES,206.01,Debit,4511,Los Angeles,USA,CA,1.35
4103,2026-01-13,2026-01-14,DELTA AIR LINES,866.23,Debit,4511,Toronto,CAN,ON,
3006,2025-12-21,2025-12-22,AWS,1544.93,Debit,7372,Montreal,CAN,QC,
3005,2026-06-09,2026-06-10,SALESFORCE,2002.21,Debit,7372,Chicago,USA,IL,1.35
5201,2026-09-24,2026-09-25,UNITED,746.08,Debit,4511,Toronto,CAN,ON,
3005,2026-06-17,2026-06-18,AMERICAN AIRLINES,1065.46,Debit,4511,Oklahoma City,USA,OK,1.35
3002,2026-02-10,2026-02-11,STAPLES,563.96,Debit,5111,Oklahoma City,USA,OK,1.35
3005,2026-02-20,2026-02-21,LOVE'S,514.67,Debit,5541,Toronto,CAN,ON,
3006,2025-11-07,2025-11-08,HOLIDAY INN,201.68,Debit,7011,Montreal,CAN,QC,
5202,2026-09-29,2026-09-30,AIR CANADA,1220.85,Debit,4511,Chicago,USA,IL,1.35
3002,2025-10-29,2025-10-30,AT&T,517.34,Debit,4814,Chicago,USA,IL,1.35
4102,2025-11-17,2025-11-18,OVERSIZE LOAD PERMIT,1432.05,Debit,9399,Montreal,CAN,QC,
3001,2025-10-03,2025-10-04,OLIVE GARDEN,25.89,Debit,5812,Montreal,CAN,QC,
4101,2026-06-05,2026-06-06,E-ZPASS,73.36,Debit,4784,Montreal,CAN,QC,
3006,2025-09-11,2025-09-12,OFFICE DEPOT,653.65,Debit,5111,Vancouver,CAN,BC,
3006,2026-05-03,2026-05-04,ENTERPRISE,56.74,Debit,4121,Calgary,CAN,AB,
3005,2026-09-05,2026-09-06,BEST WESTERN,300.02,Debit,7011,Chicago,USA,IL,1.35
3005,2025-11-04,2025-11-05,PIKEPASS,47.85,Debit,4784,Oklahoma City,USA,OK,1.35
3005,2025-11-26,2025-11-27,ENTERPRISE,80.58,Debit,4121,Vancouver,CAN,BC,
3003,2025-10-09,2025-10-10,HERTZ,203,Debit,4121,Calgary,CAN,AB,
3001,2026-08-03,2026-08-04,DATADOG,1895.95,Debit,7372,Chicago,USA,IL,1.35
3001,2026-01-31,2026-02-01,STAPLES,124.54,Debit,5111,Atlanta,USA,GA,1.35
3002,2026-02-22,2026-02-23,HERTZ,114.43,Debit,4121,Calgary,CAN,AB,
3006,2026-08-14,2026-08-15,SLACK,1480.91,Debit,7372,Chicago,USA,IL,1.35
3003,2026-06-08,2026-06-09,AMAZON BUSINESS,559.84,Debit,5111,Chicago,USA,IL,1.35
3006,2026-03-19,2026-03-20,OLIVE GARDEN,81.42,Debit,5812,Atlanta,USA,GA,1.35
3006,2026-08-18,2026-08-19,MARRIOTT,280.32,Debit,7011,Phoenix,USA,AZ,1.35
4103,2026-01-12,2026-01-13,DELTA AIR LINES,1049.11,Debit,4511,Calgary,CAN,AB,
3001,2025-11-10,2025-11-11,PILOT,528.06,Debit,5541,Chicago,USA,IL,1.35
4103,2026-01-09,2026-01-10,TX DMV PERMITS,597.16,Debit,9399,Phoenix,USA,AZ,1.35
4103,2025-09-12,2025-09-13,TX DMV PERMITS,201.42,Debit,9399,Chicago,USA,IL,1.35
4102,2025-10-26,2025-10-27,HILTON,189.08,Debit,7011,Montreal,CAN,QC,
3003,2026-03-10,2026-03-11,CHEVRON,436.9,Debit,5541,Phoenix,USA,AZ,1.35
3002,2026-06-15,2026-06-16,AIR CANADA,786.33,Debit,4511,Oklahoma City,USA,OK,1.35
3005,2026-05-28,2026-05-29,AIR CANADA,1041.13,Debit,4511,Toronto,CAN,ON,
3003,2026-04-15,2026-04-16,CHIPOTLE,117.72,Debit,5812,Montreal,CAN,QC,
5202,2026-04-18,2026-04-19,NTTA TOLLS,86.2,Debit,4784,Calgary,CAN,AB,
3005,2025-11-29,2025-11-30,ZOOM,150.03,Debit,7372,Oklahoma City,USA,OK,1.35
3004,2025-09-19,2025-09-20,OKC SIZE & WEIGHTS PER,1622.01,Debit,9399,Calgary,CAN,AB,
3005,2026-09-25,2026-09-26,LOVE'S,576.11,Debit,5541,Atlanta,USA,GA,1.35
4103,2026-06-22,2026-06-23,ESSO,218.67,Debit,5541,Los Angeles,USA,CA,1.35
3001,2025-12-22,2025-12-23,LYFT,39.22,Debit,4121,Los Angeles,USA,CA,1.35
3005,2026-08-19,2026-08-20,DATADOG,1188.71,Debit,7372,Oklahoma City,USA,OK,1.35
4102,2026-07-13,2026-07-14,NTTA TOLLS,12.35,Debit,4784,Dallas,USA,TX,1.35
3005,2026-06-23,2026-06-24,E-ZPASS,73.35,Debit,4784,Toronto,CAN,ON,
3003,2025-12-10,2025-12-11,FAIRMONT,278.4,Debit,7011,Vancouver,CAN,BC,
3005,2026-01-03,2026-01-04,ATLASSIAN,2000.06,Debit,7372,Oklahoma City,USA,OK,1.35
3004,2026-07-28,2026-07-29,ESSO,369.22,Debit,5541,Calgary,CAN,AB,
4102,2026-09-19,2026-09-20,STAPLES,766.76,Debit,5111,Oklahoma City,USA,OK,1.35
5203,2026-08-27,2026-08-28,PILOT,481.85,Debit,5541,Montreal,CAN,QC,
4101,2026-03-12,2026-03-13,AIR CANADA,1212.43,Debit,4511,Phoenix,USA,AZ,1.35
3004,2025-09-29,2025-09-30,SALESFORCE,737,Debit,7372,Montreal,CAN,QC,
3001,2026-06-26,2026-06-27,WESTJET,679.97,Debit,4511,Montreal,CAN,QC,
5202,2026-08-28,2026-08-29,407 ETR,83.55,Debit,4784,Dallas,USA,TX,1.35
5202,2025-11-16,2025-11-17,CHIPOTLE,37.49,Debit,5812,Chicago,USA,IL,1.35
4103,2025-11-05,2025-11-06,DELTA AIR LINES,1042.3,Debit,4511,Calgary,CAN,AB,
3002,2026-05-08,2026-05-09,DATADOG,2118.76,Debit,7372,Phoenix,USA,AZ,1.35
5202,2025-11-08,2025-11-09,CHEVRON,363.27,Debit,5541,Dallas,USA,TX,1.35
3004,2026-05-23,2026-05-24,MARATHON,448.34,Debit,5541,Montreal,CAN,QC,
4102,2026-06-28,2026-06-29,T-MOBILE,89.78,Debit,4814,Phoenix,USA,AZ,1.35
3003,2026-08-09,2026-08-10,MCDONALD'S,95.98,Debit,5812,Los Angeles,USA,CA,1.35
3005,2025-09-10,2025-09-11,FIGMA,554.34,Debit,7372,Dallas,USA,TX,1.35
4102,2026-01-24,2026-01-25,TX DMV PERMITS,83.53,Debit,9399,Montreal,CAN,QC,
5202,2026-03-11,2026-03-12,AT&T,87.69,Debit,4814,Phoenix,USA,AZ,1.35
3005,2025-10-18,2025-10-19,GITHUB,1859.4,Debit,7372,Montreal,CAN,QC,
4101,2026-04-02,2026-04-03,AB TRANSP,1498.83,Debit,9399,Chicago,USA,IL,1.35
3003,2026-01-19,2026-01-20,AMAZON BUSINESS,605.75,Debit,5111,Atlanta,USA,GA,1.35
3002,2026-04-24,2026-04-25,T-MOBILE,372.58,Debit,4814,Los Angeles,USA,CA,1.35
3002,2026-08-29,2026-08-30,GRAINGER,695.89,Debit,5111,Vancouver,CAN,BC,
4103,2026-02-04,2026-02-05,TIM HORTONS,114.07,Debit,5812,Atlanta,USA,GA,1.35
3001,2026-09-21,2026-09-22,OVERSIZE LOAD PERMIT,1253.06,Debit,9399,Chicago,USA,IL,1.35
5201,2026-06-30,2026-07-01,SALESFORCE,2165.65,Debit,7372,Dallas,USA,TX,1.35
3001,2026-03-04,2026-03-05,T-MOBILE,337.27,Debit,4814,Dallas,USA,TX,1.35
3002,2026-07-12,2026-07-13,ESSO,504.27,Debit,5541,Atlanta,USA,GA,1.35
3003,2025-12-14,2025-12-15,ON MTO PERMIT,1104.14,Debit,9399,Montreal,CAN,QC,
3002,2026-09-26,2026-09-27,PETRO-CANADA,154.41,Debit,5541,Chicago,USA,IL,1.35
3002,2026-09-25,2026-09-26,SHELL,387.64,Debit,5541,Oklahoma City,USA,OK,1.35
4103,2026-03-05,2026-03-06,DELTA AIR LINES,438.95,Debit,4511,Oklahoma City,USA,OK,1.35
3003,2025-09-10,2025-09-11,LYFT,161.33,Debit,4121,Dallas,USA,TX,1.35
3005,2026-08-26,2026-08-27,CHIPOTLE,32.48,Debit,5812,Dallas,USA,TX,1.35
3003,2026-04-29,2026-04-30,OVERSIZE LOAD PERMIT,1603.62,Debit,9399,Montreal,CAN,QC,
3002,2025-12-28,2025-12-29,LYFT,228.93,Debit,4121,Calgary,CAN,AB,
4102,2026-09-01,2026-09-02,LOVE'S,528.87,Debit,5541,Chicago,USA,IL,1.35
3004,2026-02-09,2026-02-10,ESSO,95.6,Debit,5541,Montreal,CAN,QC,
4102,2026-01-12,2026-01-13,SALESFORCE,377.61,Debit,7372,Phoenix,USA,AZ,1.35
4101,2025-09-10,2025-09-11,SHELL,511.86,Debit,5541,Calgary,CAN,AB,
3002,2026-03-14,2026-03-15,FLYING J,359.44,Debit,5541,Toronto,CAN,ON,
3003,2026-07-09,2026-07-10,ON MTO PERMIT,1397.07,Debit,9399,Calgary,CAN,AB,
3004,2026-09-08,2026-09-09,AMERICAN AIRLINES,494.59,Debit,4511,Calgary,CAN,AB,
5201,2025-09-06,2025-09-07,LYFT,242.81,Debit,4121,Atlanta,USA,GA,1.35
3006,2025-09-30,2025-10-01,FIGMA,1415.69,Debit,7372,Dallas,USA,TX,1.35
5201,2026-07-08,2026-07-09,HERTZ,233.49,Debit,4121,Vancouver,CAN,BC,
3001,2025-11-01,2025-11-02,ESSO,244.46,Debit,5541,Dallas,USA,TX,1.35
3003,2026-07-15,2026-07-16,AT&T,295.26,Debit,4814,Los Angeles,USA,CA,1.35
4103,2026-02-21,2026-02-22,UBER,238.89,Debit,4121,Chicago,USA,IL,1.35
3002,2026-08-14,2026-08-15,PIKEPASS,69.28,Debit,4784,Atlanta,USA,GA,1.35
5203,2026-05-27,2026-05-28,AB TRANSP,1176.78,Debit,9399,Montreal,CAN,QC,
3004,2026-04-28,2026-04-29,CHEVRON,479.82,Debit,5541,Los Angeles,USA,CA,1.35
3003,2026-01-11,2026-01-12,E-ZPASS,48.14,Debit,4784,Oklahoma City,USA,OK,1.35
4101,2026-07-31,2026-08-01,VERIZON,484.16,Debit,4814,Toronto,CAN,ON,
4103,2025-09-13,2025-09-14,STARBUCKS,35.96,Debit,5812,Montreal,CAN,QC,
3002,2026-01-05,2026-01-06,STARBUCKS,49.11,Debit,5812,Toronto,CAN,ON,
3002,2026-06-26,2026-06-27,ESSO,92.95,Debit,5541,Los Angeles,USA,CA,1.35
3002,2026-06-02,2026-06-03,ON MTO PERMIT,356.89,Debit,9399,Atlanta,USA,GA,1.35
3004,2026-02-04,2026-02-05,MCDONALD'S,135,Debit,5812,Calgary,CAN,AB,
3002,2025-09-21,2025-09-22,MARATHON,241.29,Debit,5541,Phoenix,USA,AZ,1.35
3002,2026-03-18,2026-03-19,HOLIDAY INN,111.27,Debit,7011,Calgary,CAN,AB,
3005,2026-09-23,2026-09-24,407 ETR,87.96,Debit,4784,Phoenix,USA,AZ,1.35
5203,2026-03-22,2026-03-23,HOLIDAY INN,206.92,Debit,7011,Chicago,USA,IL,1.35
3004,2026-06-02,2026-06-03,AMERICAN AIRLINES,1154.63,Debit,4511,Chicago,USA,IL,1.35
3003,2026-04-08,2026-04-09,AVIS,158.97,Debit,4121,Dallas,USA,TX,1.35
4101,2026-04-18,2026-04-19,ENTERPRISE,15.31,Debit,4121,Los Angeles,USA,CA,1.35
3001,2025-12-27,2025-12-28,BEST WESTERN,245.95,Debit,7011,Oklahoma City,USA,OK,1.35
3006,2026-09-25,2026-09-26,NOTION,504.93,Debit,7372,Calgary,CAN,AB,
5202,2026-06-07,2026-06-08,WESTJET,1232.95,Debit,4511,Montreal,CAN,QC,
3001,2025-10-26,2025-10-27,ON MTO PERMIT,1656.45,Debit,9399,Los Angeles,USA,CA,1.35
5203,2025-11-19,2025-11-20,CHIPOTLE,89.3,Debit,5812,Chicago,USA,IL,1.35
3004,2026-04-24,2026-04-25,AT&T,388.92,Debit,4814,Toronto,CAN,ON,
5201,2026-06-25,2026-06-26,CHIPOTLE,91.8,Debit,5812,Phoenix,USA,AZ,1.35
3006,2025-12-11,2025-12-12,COMFORT INN,310.98,Debit,7011,Montreal,CAN,QC,
3001,2025-10-11,2025-10-12,UNITED,1266.03,Debit,4511,Calgary,CAN,AB,
3005,2026-09-13,2026-09-14,STARBUCKS,19.29,Debit,5812,Toronto,CAN,ON,
3001,2026-09-28,2026-09-29,PETRO-CANADA,141.28,Debit,5541,Oklahoma City,USA,OK,1.35
3002,2026-03-07,2026-03-08,SUBWAY,57.75,Debit,5812,Montreal,CAN,QC,
3006,2025-10-09,2025-10-10,AB TRANSP,377.28,Debit,9399,Dallas,USA,TX,1.35
5203,2026-09-25,2026-09-26,ULINE,698.13,Debit,5111,Phoenix,USA,AZ,1.35
3003,2026-09-13,2026-09-14,STARBUCKS,67,Debit,5812,Montreal,CAN,QC,
3006,2026-05-23,2026-05-24,SHELL,288.28,Debit,5541,Los Angeles,USA,CA,1.35
3001,2026-01-10,2026-01-11,ON MTO PERMIT,1128.81,Debit,9399,Vancouver,CAN,BC,
5203,2026-07-06,2026-07-07,UNITED,1219.41,Debit,4511,Vancouver,CAN,BC,
3001,2026-05-03,2026-05-04,PILOT,87.34,Debit,5541,Chicago,USA,IL,1.35
3005,2026-04-11,2026-04-12,T-MOBILE,355.47,Debit,4814,Los Angeles,USA,CA,1.35
3001,2026-06-12,2026-06-13,ATLASSIAN,1213.59,Debit,7372,Phoenix,USA,AZ,1.35
3001,2026-04-28,2026-04-29,MCDONALD'S,29.49,Debit,5812,Atlanta,USA,GA,1.35
3002,2025-12-11,2025-12-12,OKC SIZE & WEIGHTS PER,1692.3,Debit,9399,Los Angeles,USA,CA,1.35
3005,2026-04-27,2026-04-28,OLIVE GARDEN,76.34,Debit,5812,Los Angeles,USA,CA,1.35
3002,2025-09-19,2025-09-20,HERTZ,95.57,Debit,4121,Atlanta,USA,GA,1.35
3001,2025-11-24,2025-11-25,AMERICAN AIRLINES,567.82,Debit,4511,Montreal,CAN,QC,
3002,2026-06-04,2026-06-05,WESTJET,696.81,Debit,4511,Vancouver,CAN,BC,
4102,2026-07-24,2026-07-25,OKC SIZE & WEIGHTS PER,1683.88,Debit,9399,Phoenix,USA,AZ,1.35
4103,2025-11-30,2025-12-01,BEST WESTERN,233.39,Debit,7011,Montreal,CAN,QC,
4102,2025-11-10,2025-11-11,SUNOCO,438.68,Debit,5541,Toronto,CAN,ON,
3002,2026-01-09,2026-01-10,GITHUB,325.8,Debit,7372,Calgary,CAN,AB,
3003,2026-04-22,2026-04-23,DELTA AIR LINES,726.05,Debit,4511,Phoenix,USA,AZ,1.35
3006,2026-04-17,2026-04-18,OKC SIZE & WEIGHTS PER,1512.07,Debit,9399,Calgary,CAN,AB,
3001,2026-08-23,2026-08-24,ZOOM,180.9,Debit,7372,Chicago,USA,IL,1.35
3001,2026-01-21,2026-01-22,SHELL,156.17,Debit,5541,Oklahoma City,USA,OK,1.35
3005,2025-12-25,2025-12-26,MARATHON,205.18,Debit,5541,Oklahoma City,USA,OK,1.35
5203,2026-01-26,2026-01-27,SALESFORCE,429.66,Debit,7372,Chicago,USA,IL,1.35
3005,2026-05-08,2026-05-09,CHEVRON,597.02,Debit,5541,Chicago,USA,IL,1.35
3004,2026-02-25,2026-02-26,ON MTO PERMIT,709.22,Debit,9399,Dallas,USA,TX,1.35
3002,2026-09-05,2026-09-06,FLYING J,416.38,Debit,5541,Oklahoma City,USA,OK,1.35
4102,2026-08-01,2026-08-02,T-MOBILE,45.75,Debit,4814,Vancouver,CAN,BC,
3006,2025-11-20,2025-11-21,AMAZON BUSINESS,521.33,Debit,5111,Oklahoma City,USA,OK,1.35
3001,2025-11-28,2025-11-29,AMAZON BUSINESS,536.86,Debit,5111,Atlanta,USA,GA,1.35
5201,2025-11-20,2025-11-21,PETRO-CANADA,347.13,Debit,5541,Oklahoma City,USA,OK,1.35
5202,2026-01-28,2026-01-29,VERIZON,329.17,Debit,4814,Atlanta,USA,GA,1.35
5201,2026-01-27,2026-01-28,ATLASSIAN,1663.41,Debit,7372,Chicago,USA,IL,1.35
4102,2026-08-10,2026-08-11,PANERA,76.11,Debit,5812,Vancouver,CAN,BC,
3001,2026-08-29,2026-08-30,UNITED,647.29,Debit,4511,Vancouver,CAN,BC,
3005,2025-11-30,2025-12-01,HOLIDAY INN,189.21,Debit,7011,Los Angeles,USA,CA,1.35
3002,2026-05-27,2026-05-28,OFFICE DEPOT,518.99,Debit,5111,Atlanta,USA,GA,1.35
5202,2026-08-21,2026-08-22,AMERICAN AIRLINES,640.18,Debit,4511,Oklahoma City,USA,OK,1.35
5202,2026-09-14,2026-09-15,CHIPOTLE,81.21,Debit,5812,Atlanta,USA,GA,1.35
3001,2026-08-17,2026-08-18,DATADOG,1773.74,Debit,7372,Atlanta,USA,GA,1.35
3001,2026-08-29,2026-08-30,VERIZON,229.75,Debit,4814,Montreal,CAN,QC,
3001,2026-03-31,2026-04-01,CIRCLE K,339.82,Debit,5541,Montreal,CAN,QC,
5201,2026-03-29,2026-03-30,MARRIOTT,403.19,Debit,7011,Toronto,CAN,ON,
3002,2025-11-06,2025-11-07,WESTJET,464.1,Debit,4511,Toronto,CAN,ON,
4103,2025-11-05,2025-11-06,CHEVRON,540.67,Debit,5541,Oklahoma City,USA,OK,1.35
3001,2026-07-25,2026-07-26,STARBUCKS,108.04,Debit,5812,Dallas,USA,TX,1.35
5202,2026-06-06,2026-06-07,ENTERPRISE,298.07,Debit,4121,Montreal,CAN,QC,
5202,2026-01-15,2026-01-16,SUNOCO,585.24,Debit,5541,Montreal,CAN,QC,
3003,2026-02-24,2026-02-25,LOVE'S,532.37,Debit,5541,Dallas,USA,TX,1.35
4101,2026-07-11,2026-07-12,ON MTO PERMIT,1214.13,Debit,9399,Chicago,USA,IL,1.35
5202,2026-09-09,2026-09-10,TX DMV PERMITS,291.5,Debit,9399,Vancouver,CAN,BC,
3002,2026-05-08,2026-05-09,DELTA AIR LINES,425.44,Debit,4511,Phoenix,USA,AZ,1.35
3006,2026-05-12,2026-05-13,AB TRANSP,1452.74,Debit,9399,Montreal,CAN,QC,
5201,2025-10-01,2025-10-02,AWS,62.12,Debit,7372,Vancouver,CAN,BC,
5201,2025-10-12,2025-10-13,AIR CANADA,841.29,Debit,4511,Chicago,USA,IL,1.35
4101,2025-10-14,2025-10-15,CIRCLE K,76.86,Debit,5541,Calgary,CAN,AB,
4103,2026-05-30,2026-05-31,GOOGLE CLOUD,1872.4,Debit,7372,Calgary,CAN,AB,
5203,2026-06-14,2026-06-15,MARRIOTT,246.89,Debit,7011,Calgary,CAN,AB,
3001,2026-04-15,2026-04-16,407 ETR,88.72,Debit,4784,Atlanta,USA,GA,1.35
3001,2026-02-21,2026-02-22,AMERICAN AIRLINES,679.16,Debit,4511,Dallas,USA,TX,1.35
3001,2026-02-28,2026-03-01,AMAZON BUSINESS,722.41,Debit,5111,Vancouver,CAN,BC,
5202,2025-09-15,2025-09-16,FLYING J,421.29,Debit,5541,Los Angeles,USA,CA,1.35
3003,2026-07-21,2026-07-22,DELTA AIR LINES,473.43,Debit,4511,Calgary,CAN,AB,
4103,2026-01-08,2026-01-09,TX DMV PERMITS,1342.03,Debit,9399,Oklahoma City,USA,OK,1.35
3001,2025-12-06,2025-12-07,PETRO-CANADA,297.94,Debit,5541,Toronto,CAN,ON,
3003,2026-09-27,2026-09-28,OVERSIZE LOAD PERMIT,1631.01,Debit,9399,Montreal,CAN,QC,
4101,2025-11-16,2025-11-17,ON MTO PERMIT,1032.83,Debit,9399,Dallas,USA,TX,1.35
3005,2026-09-19,2026-09-20,CIRCLE K,192.24,Debit,5541,Dallas,USA,TX,1.35
4103,2026-01-27,2026-01-28,GRAINGER,745.83,Debit,5111,Atlanta,USA,GA,1.35
5203,2025-09-26,2025-09-27,GITHUB,1261.95,Debit,7372,Oklahoma City,USA,OK,1.35
3004,2026-09-20,2026-09-21,CIRCLE K,546.66,Debit,5541,Chicago,USA,IL,1.35
4103,2026-03-17,2026-03-18,AB TRANSP,1469.41,Debit,9399,Toronto,CAN,ON,
3001,2026-06-29,2026-06-30,E-ZPASS,21.58,Debit,4784,Calgary,CAN,AB,
5202,2026-05-22,2026-05-23,OVERSIZE LOAD PERMIT,1683.26,Debit,9399,Los Angeles,USA,CA,1.35
3004,2025-09-27,2025-09-28,WESTJET,738.04,Debit,4511,Toronto,CAN,ON,
3002,2025-12-03,2025-12-04,ESSO,306.31,Debit,5541,Vancouver,CAN,BC,
3005,2025-12-18,2025-12-19,HERTZ,297.27,Debit,4121,Toronto,CAN,ON,
4101,2026-02-16,2026-02-17,PETRO-CANADA,85.35,Debit,5541,Oklahoma City,USA,OK,1.35
5201,2025-12-12,2025-12-13,OVERSIZE LOAD PERMIT,357.3,Debit,9399,Oklahoma City,USA,OK,1.35
3001,2025-10-05,2025-10-06,SALESFORCE,1057.66,Debit,7372,Vancouver,CAN,BC,
3004,2026-08-18,2026-08-19,HOLIDAY INN,346.06,Debit,7011,Toronto,CAN,ON,
3005,2026-03-27,2026-03-28,BELL,444.32,Debit,4814,Oklahoma City,USA,OK,1.35
4101,2025-12-11,2025-12-12,GITHUB,2189.58,Debit,7372,Phoenix,USA,AZ,1.35
3001,2026-04-01,2026-04-02,SUBWAY,45.22,Debit,5812,Dallas,USA,TX,1.35
3006,2025-12-26,2025-12-27,DELTA AIR LINES,913.09,Debit,4511,Vancouver,CAN,BC,
3003,2026-08-01,2026-08-02,STARBUCKS,24.59,Debit,5812,Oklahoma City,USA,OK,1.35
3001,2025-10-25,2025-10-26,FLYING J,158.3,Debit,5541,Atlanta,USA,GA,1.35
3001,2026-07-08,2026-07-09,AB TRANSP,1610.51,Debit,9399,Phoenix,USA,AZ,1.35
3006,2025-09-09,2025-09-10,FLYING J,557.75,Debit,5541,Oklahoma City,USA,OK,1.35
5202,2025-11-08,2025-11-09,AMAZON BUSINESS,115.22,Debit,5111,Oklahoma City,USA,OK,1.35
3001,2025-11-12,2025-11-13,OKC SIZE & WEIGHTS PER,1576.45,Debit,9399,Oklahoma City,USA,OK,1.35
3002,2026-03-20,2026-03-21,FAIRMONT,417.42,Debit,7011,Oklahoma City,USA,OK,1.35
3001,2026-06-12,2026-06-13,MARRIOTT,127.15,Debit,7011,Chicago,USA,IL,1.35
3001,2025-11-12,2025-11-13,DATADOG,946.91,Debit,7372,Montreal,CAN,QC,
3002,2026-06-06,2026-06-07,CIRCLE K,305.97,Debit,5541,Phoenix,USA,AZ,1.35
5202,2026-02-09,2026-02-10,HOLIDAY INN,271.36,Debit,7011,Montreal,CAN,QC,
5201,2026-09-03,2026-09-04,FLYING J,430.44,Debit,5541,Montreal,CAN,QC,
3004,2025-12-20,2025-12-21,LYFT,34.78,Debit,4121,Toronto,CAN,ON,
4101,2026-06-13,2026-06-14,SALESFORCE,362.84,Debit,7372,Oklahoma City,USA,OK,1.35
4102,2025-09-02,2025-09-03,SLACK,1194.83,Debit,7372,Montreal,CAN,QC,
5201,2026-09-28,2026-09-29,MCDONALD'S,19.04,Debit,5812,Los Angeles,USA,CA,1.35
3005,2026-01-17,2026-01-18,AB TRANSP,81.56,Debit,9399,Atlanta,USA,GA,1.35
3006,2026-08-16,2026-08-17,MCDONALD'S,84.08,Debit,5812,Calgary,CAN,AB,
5203,2026-07-29,2026-07-30,ESSO,82.04,Debit,5541,Phoenix,USA,AZ,1.35
5203,2026-08-04,2026-08-05,FAIRMONT,155.35,Debit,7011,Chicago,USA,IL,1.35
3004,2026-05-18,2026-05-19,PILOT,362.62,Debit,5541,Montreal,CAN,QC,
3001,2026-02-20,2026-02-21,CHEVRON,161.43,Debit,5541,Toronto,CAN,ON,
3006,2026-01-04,2026-01-05,AB TRANSP,1700.29,Debit,9399,Phoenix,USA,AZ,1.35
3002,2026-05-30,2026-05-31,NTTA TOLLS,24.18,Debit,4784,Dallas,USA,TX,1.35
3002,2025-10-22,2025-10-23,OKC SIZE & WEIGHTS PER,730.1,Debit,9399,Montreal,CAN,QC,
3001,2026-04-23,2026-04-24,AMERICAN AIRLINES,1080.91,Debit,4511,Atlanta,USA,GA,1.35
3002,2026-04-11,2026-04-12,STAPLES,455.71,Debit,5111,Atlanta,USA,GA,1.35
3003,2026-06-19,2026-06-20,VERIZON,216.44,Debit,4814,Calgary,CAN,AB,
3001,2026-08-13,2026-08-14,WESTJET,1090.84,Debit,4511,Chicago,USA,IL,1.35
3002,2025-11-18,2025-11-19,CHEVRON,213.82,Debit,5541,Atlanta,USA,GA,1.35
3002,2025-10-14,2025-10-15,AVIS,127.17,Debit,4121,Oklahoma City,USA,OK,1.35
5202,2025-12-29,2025-12-30,SUBWAY,81.21,Debit,5812,Atlanta,USA,GA,1.35
5201,2026-07-04,2026-07-05,OKC SIZE & WEIGHTS PER,1271.82,Debit,9399,Phoenix,USA,AZ,1.35
3006,2025-10-20,2025-10-21,AVIS,192.14,Debit,4121,Toronto,CAN,ON,
3004,2026-03-19,2026-03-20,OKC SIZE & WEIGHTS PER,526.97,Debit,9399,Chicago,USA,IL,1.35
5203,2026-04-21,2026-04-22,TIM HORTONS,83.6,Debit,5812,Calgary,CAN,AB,
3006,2025-12-03,2025-12-04,OFFICE DEPOT,759.54,Debit,5111,Montreal,CAN,QC,
3001,2026-01-09,2026-01-10,PETRO-CANADA,343.98,Debit,5541,Los Angeles,USA,CA,1.35
4101,2026-04-25,2026-04-26,LYFT,84.54,Debit,4121,Dallas,USA,TX,1.35
5201,2026-09-29,2026-09-30,E-ZPASS,14.68,Debit,4784,Atlanta,USA,GA,1.35
3005,2026-09-03,2026-09-04,PILOT,84.53,Debit,5541,Chicago,USA,IL,1.35
3003,2025-12-05,2025-12-06,AIR CANADA,460.69,Debit,4511,Oklahoma City,USA,OK,1.35
4101,2026-07-15,2026-07-16,AB TRANSP,1570.77,Debit,9399,Chicago,USA,IL,1.35
3002,2026-09-01,2026-09-02,FLYING J,119,Debit,5541,Chicago,USA,IL,1.35
5201,2025-10-27,2025-10-28,MCDONALD'S,21.54,Debit,5812,Phoenix,USA,AZ,1.35
3002,2026-08-09,2026-08-10,T-MOBILE,482.17,Debit,4814,Los Angeles,USA,CA,1.35
3005,2026-01-31,2026-02-01,OKC SIZE & WEIGHTS PER,951.97,Debit,9399,Chicago,USA,IL,1.35
5201,2025-11-15,2025-11-16,ZOOM,942.73,Debit,7372,Calgary,CAN,AB,
5201,2026-01-25,2026-01-26,LOVE'S,506.6,Debit,5541,Calgary,CAN,AB,
3002,2026-09-24,2026-09-25,LYFT,99.12,Debit,4121,Dallas,USA,TX,1.35
3006,2026-03-19,2026-03-20,UBER,154.95,Debit,4121,Vancouver,CAN,BC,
3001,2025-11-14,2025-11-15,AT&T,52.64,Debit,4814,Atlanta,USA,GA,1.35
3003,2026-03-02,2026-03-03,UNITED,1128.56,Debit,4511,Atlanta,USA,GA,1.35
4101,2026-05-18,2026-05-19,PANERA,123.79,Debit,5812,Dallas,USA,TX,1.35
3001,2025-12-23,2025-12-24,HOLIDAY INN,167.74,Debit,7011,Dallas,USA,TX,1.35
5201,2025-09-11,2025-09-12,OFFICE DEPOT,725,Debit,5111,Atlanta,USA,GA,1.35
3004,2026-03-06,2026-03-07,FAIRMONT,117.12,Debit,7011,Chicago,USA,IL,1.35
4102,2025-09-13,2025-09-14,SLACK,2184.73,Debit,7372,Calgary,CAN,AB,
3002,2025-11-18,2025-11-19,GOOGLE CLOUD,163.31,Debit,7372,Montreal,CAN,QC,
4101,2025-12-23,2025-12-24,TX DMV PERMITS,541.42,Debit,9399,Oklahoma City,USA,OK,1.35
5203,2026-08-18,2026-08-19,PIKEPASS,50.83,Debit,4784,Atlanta,USA,GA,1.35
3004,2026-06-21,2026-06-22,NTTA TOLLS,65.1,Debit,4784,Oklahoma City,USA,OK,1.35
4101,2025-12-14,2025-12-15,ON MTO PERMIT,1636.89,Debit,9399,Atlanta,USA,GA,1.35
4103,2026-05-08,2026-05-09,OKC SIZE & WEIGHTS PER,507.04,Debit,9399,Chicago,USA,IL,1.35
4101,2026-06-04,2026-06-05,AMERICAN AIRLINES,548.13,Debit,4511,Toronto,CAN,ON,
4102,2026-01-15,2026-01-16,CHIPOTLE,60.91,Debit,5812,Oklahoma City,USA,OK,1.35
3004,2026-05-30,2026-05-31,OFFICE DEPOT,526.61,Debit,5111,Oklahoma City,USA,OK,1.35
3004,2026-06-16,2026-06-17,ROGERS,329.64,Debit,4814,Montreal,CAN,QC,
3002,2026-08-01,2026-08-02,ROGERS,207.17,Debit,4814,Oklahoma City,USA,OK,1.35
3002,2026-06-21,2026-06-22,MARATHON,566.92,Debit,5541,Toronto,CAN,ON,
4103,2026-07-05,2026-07-06,MARATHON,274.44,Debit,5541,Vancouver,CAN,BC,
3003,2026-02-20,2026-02-21,TIM HORTONS,42.34,Debit,5812,Vancouver,CAN,BC,
3002,2026-04-03,2026-04-04,ZOOM,499,Debit,7372,Chicago,USA,IL,1.35
3002,2026-05-03,2026-05-04,ZOOM,499,Debit,7372,Chicago,USA,IL,1.35
3002,2026-06-03,2026-06-04,ZOOM,499,Debit,7372,Oklahoma City,USA,OK,1.35
4101,2026-04-03,2026-04-04,VERIZON,1200,Debit,4814,Los Angeles,USA,CA,1.35
4101,2026-05-03,2026-05-04,VERIZON,1200,Debit,4814,Atlanta,USA,GA,1.35
4101,2026-06-03,2026-06-04,VERIZON,1200,Debit,4814,Oklahoma City,USA,OK,1.35
5202,2026-03-21,2026-03-22,AMAZON BUSINESS,2000,Debit,5111,Los Angeles,USA,CA,1.35
4102,2026-08-05,2026-08-06,AMAZON BUSINESS,5000,Debit,5111,Toronto,CAN,ON,
4102,2025-12-07,2025-12-08,AMAZON BUSINESS,10000,Debit,5111,Oklahoma City,USA,OK,1.35
4101,2026-05-29,2026-05-30,AMAZON BUSINESS,3000,Debit,5111,Atlanta,USA,GA,1.35
3004,2026-04-18,2026-04-19,OFFICE DEPOT,45,Debit,5111,Los Angeles,USA,CA,1.35
3004,2026-04-18,2026-04-19,OFFICE DEPOT,48.5,Debit,5111,Montreal,CAN,QC,
3003,2026-05-22,2026-05-23,STAPLES,49,Debit,5111,Montreal,CAN,QC,
3003,2026-05-22,2026-05-23,STAPLES,47,Debit,5111,Phoenix,USA,AZ,1.35
3003,2026-05-22,2026-05-23,STAPLES,44,Debit,5111,Montreal,CAN,QC,
4101,2026-04-12,2026-04-13,VENDOR REFUND,301.16,Credit,7011,Vancouver,CAN,BC,
3004,2026-03-03,2026-03-04,VENDOR REFUND,319.26,Credit,4814,Toronto,CAN,ON,
3001,2026-08-25,2026-08-26,VENDOR REFUND,341.74,Credit,7011,Atlanta,USA,GA,1.35
3001,2026-01-10,2026-01-11,VENDOR REFUND,362.64,Credit,7372,Los Angeles,USA,CA,1.35
3004,2026-05-04,2026-05-05,VENDOR REFUND,263.05,Credit,5111,Chicago,USA,IL,1.35
4101,2026-01-11,2026-01-12,VENDOR REFUND,211.95,Credit,4814,Toronto,CAN,ON,
